,num_features,h,diagonal
0,10,1,0.39
1,10,1,0.3901
2,10,1,0.379
3,10,1,0.3659
4,10,1,0.3501
5,10,1,0.359
6,10,1,0.3892
7,10,1,0.3301
8,10,1,0.3515
9,10,1,0.3787
10,10,1,0.3684
11,10,1,0.3589
12,10,1,0.329
13,10,1,0.3583
14,10,1,0.3554
15,10,2,0.6565
16,10,2,0.6704
17,10,2,0.6516
18,10,2,0.6381
19,10,2,0.6541
20,10,2,0.6443
21,10,2,0.6687
22,10,2,0.6286
23,10,2,0.6411
24,10,2,0.6637
25,10,2,0.6521
26,10,2,0.6392
27,10,2,0.6102
28,10,2,0.6173
29,10,2,0.636
30,10,3,0.8396
31,10,3,0.8562
32,10,3,0.8372
33,10,3,0.8249
34,10,3,0.8477
35,10,3,0.8431
36,10,3,0.8479
37,10,3,0.832
38,10,3,0.8387
39,10,3,0.8446
40,10,3,0.8393
41,10,3,0.8425
42,10,3,0.8232
43,10,3,0.8231
44,10,3,0.8273
45,10,4,0.9299
46,10,4,0.9434
47,10,4,0.9307
48,10,4,0.9254
49,10,4,0.9347
50,10,4,0.9355
51,10,4,0.93
52,10,4,0.9284
53,10,4,0.9361
54,10,4,0.9334
55,10,4,0.9357
56,10,4,0.9347
57,10,4,0.928
58,10,4,0.9259
59,10,4,0.9267
60,10,5,0.9766
61,10,5,0.9819
62,10,5,0.9749
63,10,5,0.9728
64,10,5,0.9744
65,10,5,0.977
66,10,5,0.9751
67,10,5,0.9746
68,10,5,0.9792
69,10,5,0.9773
70,10,5,0.9805
71,10,5,0.98
72,10,5,0.9784
73,10,5,0.9751
74,10,5,0.9733
75,10,6,0.9939
76,10,6,0.9953
77,10,6,0.9932
78,10,6,0.9936
79,10,6,0.9939
80,10,6,0.9936
81,10,6,0.994
82,10,6,0.992
83,10,6,0.994
84,10,6,0.9943
85,10,6,0.9946
86,10,6,0.9944
87,10,6,0.9945
88,10,6,0.9918
89,10,6,0.993
90,10,7,0.9986
91,10,7,0.9995
92,10,7,0.9984
93,10,7,0.9982
94,10,7,0.9983
95,10,7,0.9985
96,10,7,0.9988
97,10,7,0.998
98,10,7,0.9976
99,10,7,0.9986
100,10,7,0.9996
101,10,7,0.999
102,10,7,0.9994
103,10,7,0.9984
104,10,7,0.9977
105,10,8,0.9996
106,10,8,0.9999
107,10,8,0.9998
108,10,8,0.9998
109,10,8,0.9999
110,10,8,0.9998
111,10,8,0.9999
112,10,8,0.9998
113,10,8,0.9998
114,10,8,0.9998
115,10,8,0.9999
116,10,8,0.9999
117,10,8,1.0
118,10,8,1.0
119,10,8,0.9997
120,10,1,0.3557
121,10,1,0.3866
122,10,1,0.3707
123,10,1,0.3567
124,10,1,0.3912
125,10,1,0.4002
126,10,1,0.3745
127,10,1,0.3563
128,10,1,0.3486
129,10,1,0.3548
130,10,1,0.3762
131,10,1,0.3914
132,10,1,0.3907
133,10,1,0.3566
134,10,1,0.3691
135,10,2,0.6522
136,10,2,0.6698
137,10,2,0.673
138,10,2,0.6535
139,10,2,0.669
140,10,2,0.6879
141,10,2,0.6674
142,10,2,0.6611
143,10,2,0.6585
144,10,2,0.6575
145,10,2,0.678
146,10,2,0.6801
147,10,2,0.6727
148,10,2,0.6593
149,10,2,0.6667
150,10,3,0.8516
151,10,3,0.8556
152,10,3,0.8669
153,10,3,0.8499
154,10,3,0.854
155,10,3,0.8609
156,10,3,0.8579
157,10,3,0.8464
158,10,3,0.8468
159,10,3,0.8516
160,10,3,0.8599
161,10,3,0.866
162,10,3,0.8549
163,10,3,0.8552
164,10,3,0.8568
165,10,4,0.944
166,10,4,0.939
167,10,4,0.9459
168,10,4,0.9421
169,10,4,0.9436
170,10,4,0.946
171,10,4,0.9443
172,10,4,0.9359
173,10,4,0.9379
174,10,4,0.9373
175,10,4,0.9447
176,10,4,0.9493
177,10,4,0.9469
178,10,4,0.9415
179,10,4,0.9412
180,10,5,0.9847
181,10,5,0.9817
182,10,5,0.9854
183,10,5,0.9838
184,10,5,0.9828
185,10,5,0.9858
186,10,5,0.983
187,10,5,0.9801
188,10,5,0.9802
189,10,5,0.981
190,10,5,0.9851
191,10,5,0.9855
192,10,5,0.982
193,10,5,0.9814
194,10,5,0.9822
195,10,6,0.9957
196,10,6,0.9944
197,10,6,0.9969
198,10,6,0.9948
199,10,6,0.9964
200,10,6,0.9958
201,10,6,0.9966
202,10,6,0.9956
203,10,6,0.9953
204,10,6,0.9956
205,10,6,0.9962
206,10,6,0.9969
207,10,6,0.9944
208,10,6,0.9956
209,10,6,0.9952
210,10,7,0.9994
211,10,7,0.9991
212,10,7,0.999
213,10,7,0.999
214,10,7,0.9991
215,10,7,0.999
216,10,7,0.9994
217,10,7,0.9989
218,10,7,0.9991
219,10,7,0.9994
220,10,7,0.9995
221,10,7,0.9995
222,10,7,0.9992
223,10,7,0.9988
224,10,7,0.9991
225,10,8,0.9999
226,10,8,0.9998
227,10,8,1.0
228,10,8,0.9999
229,10,8,0.9998
230,10,8,0.9999
231,10,8,0.9998
232,10,8,0.9997
233,10,8,0.9999
234,10,8,0.9999
235,10,8,1.0
236,10,8,1.0
237,10,8,0.9998
238,10,8,0.9998
239,10,8,0.9999
240,10,1,0.41
241,10,1,0.4097
242,10,1,0.3725
243,10,1,0.3808
244,10,1,0.3891
245,10,1,0.3863
246,10,1,0.3837
247,10,1,0.3734
248,10,1,0.4101
249,10,1,0.3911
250,10,1,0.3863
251,10,1,0.3946
252,10,1,0.3834
253,10,1,0.3661
254,10,1,0.4134
255,10,2,0.6907
256,10,2,0.6985
257,10,2,0.6603
258,10,2,0.6682
259,10,2,0.676
260,10,2,0.6695
261,10,2,0.6892
262,10,2,0.6531
263,10,2,0.6889
264,10,2,0.6819
265,10,2,0.6665
266,10,2,0.6834
267,10,2,0.6573
268,10,2,0.6675
269,10,2,0.7034
270,10,3,0.8579
271,10,3,0.8686
272,10,3,0.8503
273,10,3,0.8468
274,10,3,0.8555
275,10,3,0.8406
276,10,3,0.8668
277,10,3,0.8389
278,10,3,0.8541
279,10,3,0.8627
280,10,3,0.8557
281,10,3,0.8562
282,10,3,0.8456
283,10,3,0.8529
284,10,3,0.8683
285,10,4,0.9382
286,10,4,0.9472
287,10,4,0.9347
288,10,4,0.9301
289,10,4,0.9428
290,10,4,0.9286
291,10,4,0.9467
292,10,4,0.9216
293,10,4,0.9354
294,10,4,0.9419
295,10,4,0.9384
296,10,4,0.9335
297,10,4,0.9359
298,10,4,0.9423
299,10,4,0.9399
300,10,5,0.9772
301,10,5,0.9825
302,10,5,0.9773
303,10,5,0.9732
304,10,5,0.9791
305,10,5,0.972
306,10,5,0.9815
307,10,5,0.9684
308,10,5,0.9757
309,10,5,0.9813
310,10,5,0.9768
311,10,5,0.9773
312,10,5,0.9754
313,10,5,0.9791
314,10,5,0.9773
315,10,6,0.9948
316,10,6,0.9957
317,10,6,0.9936
318,10,6,0.9924
319,10,6,0.9955
320,10,6,0.9922
321,10,6,0.9954
322,10,6,0.9912
323,10,6,0.9928
324,10,6,0.9951
325,10,6,0.9948
326,10,6,0.9939
327,10,6,0.9941
328,10,6,0.9951
329,10,6,0.9937
330,10,7,0.999
331,10,7,0.9992
332,10,7,0.9991
333,10,7,0.9984
334,10,7,0.9987
335,10,7,0.998
336,10,7,0.9992
337,10,7,0.9978
338,10,7,0.9979
339,10,7,0.9988
340,10,7,0.9989
341,10,7,0.9988
342,10,7,0.9986
343,10,7,0.9991
344,10,7,0.998
345,10,8,0.9999
346,10,8,1.0
347,10,8,0.9999
348,10,8,0.9999
349,10,8,0.9999
350,10,8,0.9997
351,10,8,1.0
352,10,8,0.9995
353,10,8,0.9998
354,10,8,1.0
355,10,8,0.9998
356,10,8,0.9999
357,10,8,1.0
358,10,8,0.9998
359,10,8,1.0
360,15,1,0.1177
361,15,1,0.169
362,15,1,0.123
363,15,1,0.1357
364,15,1,0.156
365,15,1,0.1415
366,15,1,0.1215
367,15,1,0.1111
368,15,1,0.1189
369,15,1,0.1178
370,15,1,0.1289
371,15,1,0.1365
372,15,1,0.1289
373,15,1,0.1516
374,15,1,0.1456
375,15,2,0.3005
376,15,2,0.3803
377,15,2,0.3057
378,15,2,0.3271
379,15,2,0.342
380,15,2,0.3318
381,15,2,0.3015
382,15,2,0.2817
383,15,2,0.2849
384,15,2,0.2864
385,15,2,0.3067
386,15,2,0.3214
387,15,2,0.3219
388,15,2,0.3488
389,15,2,0.3349
390,15,3,0.5054
391,15,3,0.5927
392,15,3,0.5093
393,15,3,0.5311
394,15,3,0.5445
395,15,3,0.5555
396,15,3,0.5188
397,15,3,0.4719
398,15,3,0.4983
399,15,3,0.4887
400,15,3,0.5176
401,15,3,0.5256
402,15,3,0.5291
403,15,3,0.5611
404,15,3,0.5422
405,15,4,0.6932
406,15,4,0.7554
407,15,4,0.6993
408,15,4,0.7058
409,15,4,0.7111
410,15,4,0.7275
411,15,4,0.6986
412,15,4,0.6558
413,15,4,0.6864
414,15,4,0.6802
415,15,4,0.7018
416,15,4,0.6984
417,15,4,0.7035
418,15,4,0.7375
419,15,4,0.7165
420,15,5,0.8387
421,15,5,0.8716
422,15,5,0.8382
423,15,5,0.8388
424,15,5,0.8391
425,15,5,0.8503
426,15,5,0.8329
427,15,5,0.7965
428,15,5,0.8286
429,15,5,0.8208
430,15,5,0.8361
431,15,5,0.8293
432,15,5,0.8359
433,15,5,0.8677
434,15,5,0.8392
435,15,6,0.9292
436,15,6,0.9434
437,15,6,0.9234
438,15,6,0.9178
439,15,6,0.9221
440,15,6,0.9314
441,15,6,0.9228
442,15,6,0.8921
443,15,6,0.9169
444,15,6,0.9161
445,15,6,0.9226
446,15,6,0.9207
447,15,6,0.9177
448,15,6,0.942
449,15,6,0.9215
450,15,7,0.9721
451,15,7,0.9771
452,15,7,0.9707
453,15,7,0.9664
454,15,7,0.9682
455,15,7,0.9731
456,15,7,0.9666
457,15,7,0.9531
458,15,7,0.9656
459,15,7,0.9665
460,15,7,0.966
461,15,7,0.9637
462,15,7,0.9646
463,15,7,0.9763
464,15,7,0.9657
465,15,8,0.9913
466,15,8,0.9934
467,15,8,0.9893
468,15,8,0.9879
469,15,8,0.9903
470,15,8,0.9911
471,15,8,0.9863
472,15,8,0.9838
473,15,8,0.9876
474,15,8,0.9892
475,15,8,0.9877
476,15,8,0.9855
477,15,8,0.9882
478,15,8,0.991
479,15,8,0.9878
480,15,9,0.9971
481,15,9,0.9979
482,15,9,0.9966
483,15,9,0.9959
484,15,9,0.9967
485,15,9,0.9969
486,15,9,0.9958
487,15,9,0.9945
488,15,9,0.9967
489,15,9,0.9971
490,15,9,0.9965
491,15,9,0.9948
492,15,9,0.996
493,15,9,0.9977
494,15,9,0.9962
495,15,10,0.9989
496,15,10,0.9997
497,15,10,0.9991
498,15,10,0.999
499,15,10,0.9989
500,15,10,0.9993
501,15,10,0.9992
502,15,10,0.9984
503,15,10,0.9993
504,15,10,0.9992
505,15,10,0.9992
506,15,10,0.9987
507,15,10,0.999
508,15,10,0.9995
509,15,10,0.9992
510,15,1,0.1542
511,15,1,0.1273
512,15,1,0.1303
513,15,1,0.1266
514,15,1,0.1599
515,15,1,0.1361
516,15,1,0.1254
517,15,1,0.1323
518,15,1,0.128
519,15,1,0.1308
520,15,1,0.1482
521,15,1,0.1242
522,15,1,0.1305
523,15,1,0.1188
524,15,1,0.1088
525,15,2,0.3605
526,15,2,0.3101
527,15,2,0.3037
528,15,2,0.3036
529,15,2,0.375
530,15,2,0.3215
531,15,2,0.2911
532,15,2,0.3069
533,15,2,0.304
534,15,2,0.3128
535,15,2,0.3444
536,15,2,0.3005
537,15,2,0.3152
538,15,2,0.2932
539,15,2,0.2744
540,15,3,0.5735
541,15,3,0.5366
542,15,3,0.4936
543,15,3,0.5033
544,15,3,0.5929
545,15,3,0.5308
546,15,3,0.4853
547,15,3,0.51
548,15,3,0.5062
549,15,3,0.5197
550,15,3,0.5579
551,15,3,0.4966
552,15,3,0.523
553,15,3,0.5003
554,15,3,0.4674
555,15,4,0.7512
556,15,4,0.7188
557,15,4,0.6761
558,15,4,0.6917
559,15,4,0.7707
560,15,4,0.7159
561,15,4,0.6792
562,15,4,0.694
563,15,4,0.6963
564,15,4,0.6964
565,15,4,0.7366
566,15,4,0.6778
567,15,4,0.7026
568,15,4,0.6894
569,15,4,0.6623
570,15,5,0.8728
571,15,5,0.8511
572,15,5,0.8141
573,15,5,0.8303
574,15,5,0.8856
575,15,5,0.8517
576,15,5,0.8252
577,15,5,0.8375
578,15,5,0.8331
579,15,5,0.8313
580,15,5,0.8628
581,15,5,0.8197
582,15,5,0.8395
583,15,5,0.8282
584,15,5,0.8147
585,15,6,0.9452
586,15,6,0.9333
587,15,6,0.9125
588,15,6,0.9209
589,15,6,0.9474
590,15,6,0.9301
591,15,6,0.9193
592,15,6,0.9261
593,15,6,0.9203
594,15,6,0.9213
595,15,6,0.9383
596,15,6,0.9126
597,15,6,0.9264
598,15,6,0.9223
599,15,6,0.9131
600,15,7,0.9782
601,15,7,0.9757
602,15,7,0.9631
603,15,7,0.9714
604,15,7,0.9798
605,15,7,0.9743
606,15,7,0.9656
607,15,7,0.9736
608,15,7,0.9683
609,15,7,0.9703
610,15,7,0.9763
611,15,7,0.9641
612,15,7,0.971
613,15,7,0.9688
614,15,7,0.9623
615,15,8,0.993
616,15,8,0.9912
617,15,8,0.986
618,15,8,0.9915
619,15,8,0.993
620,15,8,0.9923
621,15,8,0.9889
622,15,8,0.9918
623,15,8,0.9898
624,15,8,0.9901
625,15,8,0.9927
626,15,8,0.988
627,15,8,0.9909
628,15,8,0.9888
629,15,8,0.9867
630,15,9,0.9976
631,15,9,0.9976
632,15,9,0.9963
633,15,9,0.9981
634,15,9,0.9983
635,15,9,0.9981
636,15,9,0.9976
637,15,9,0.9973
638,15,9,0.9959
639,15,9,0.9971
640,15,9,0.9981
641,15,9,0.9959
642,15,9,0.9971
643,15,9,0.9967
644,15,9,0.9952
645,15,10,0.9994
646,15,10,0.9994
647,15,10,0.9991
648,15,10,0.9994
649,15,10,0.9996
650,15,10,0.9994
651,15,10,0.9997
652,15,10,0.9996
653,15,10,0.9988
654,15,10,0.9996
655,15,10,0.9997
656,15,10,0.999
657,15,10,0.9992
658,15,10,0.9993
659,15,10,0.9987
660,15,1,0.1646
661,15,1,0.151
662,15,1,0.1582
663,15,1,0.1382
664,15,1,0.1314
665,15,1,0.166
666,15,1,0.1421
667,15,1,0.1274
668,15,1,0.1428
669,15,1,0.133
670,15,1,0.1269
671,15,1,0.1363
672,15,1,0.1359
673,15,1,0.1361
674,15,1,0.1363
675,15,2,0.374
676,15,2,0.3454
677,15,2,0.3541
678,15,2,0.3243
679,15,2,0.3186
680,15,2,0.3707
681,15,2,0.3399
682,15,2,0.3241
683,15,2,0.3327
684,15,2,0.3138
685,15,2,0.3063
686,15,2,0.3242
687,15,2,0.3203
688,15,2,0.3282
689,15,2,0.3232
690,15,3,0.5859
691,15,3,0.5555
692,15,3,0.5634
693,15,3,0.5357
694,15,3,0.5351
695,15,3,0.5916
696,15,3,0.5583
697,15,3,0.5401
698,15,3,0.5341
699,15,3,0.5316
700,15,3,0.5134
701,15,3,0.5308
702,15,3,0.5372
703,15,3,0.5391
704,15,3,0.5335
705,15,4,0.7576
706,15,4,0.7372
707,15,4,0.7353
708,15,4,0.7084
709,15,4,0.7166
710,15,4,0.758
711,15,4,0.7405
712,15,4,0.7284
713,15,4,0.7137
714,15,4,0.7131
715,15,4,0.6989
716,15,4,0.7131
717,15,4,0.7243
718,15,4,0.7204
719,15,4,0.7264
720,15,5,0.875
721,15,5,0.8628
722,15,5,0.8541
723,15,5,0.8447
724,15,5,0.8488
725,15,5,0.8722
726,15,5,0.867
727,15,5,0.8588
728,15,5,0.8473
729,15,5,0.8462
730,15,5,0.8354
731,15,5,0.8448
732,15,5,0.8525
733,15,5,0.8516
734,15,5,0.8553
735,15,6,0.9408
736,15,6,0.9402
737,15,6,0.9309
738,15,6,0.9276
739,15,6,0.9302
740,15,6,0.945
741,15,6,0.9418
742,15,6,0.9348
743,15,6,0.9307
744,15,6,0.9279
745,15,6,0.922
746,15,6,0.9284
747,15,6,0.9345
748,15,6,0.9304
749,15,6,0.9331
750,15,7,0.976
751,15,7,0.9771
752,15,7,0.9735
753,15,7,0.9693
754,15,7,0.974
755,15,7,0.9791
756,15,7,0.9786
757,15,7,0.9747
758,15,7,0.9731
759,15,7,0.9703
760,15,7,0.9669
761,15,7,0.9678
762,15,7,0.9718
763,15,7,0.9713
764,15,7,0.9747
765,15,8,0.9927
766,15,8,0.9916
767,15,8,0.9902
768,15,8,0.9878
769,15,8,0.9922
770,15,8,0.9928
771,15,8,0.9933
772,15,8,0.9905
773,15,8,0.9918
774,15,8,0.989
775,15,8,0.9869
776,15,8,0.989
777,15,8,0.9915
778,15,8,0.9879
779,15,8,0.9904
780,15,9,0.998
781,15,9,0.9977
782,15,9,0.9966
783,15,9,0.9961
784,15,9,0.9975
785,15,9,0.9979
786,15,9,0.9984
787,15,9,0.997
788,15,9,0.9972
789,15,9,0.9962
790,15,9,0.996
791,15,9,0.997
792,15,9,0.9978
793,15,9,0.9963
794,15,9,0.997
795,15,10,0.9997
796,15,10,0.9994
797,15,10,0.9992
798,15,10,0.9994
799,15,10,0.9996
800,15,10,0.9997
801,15,10,0.9999
802,15,10,0.9994
803,15,10,0.9996
804,15,10,0.9991
805,15,10,0.9991
806,15,10,0.9992
807,15,10,0.9995
808,15,10,0.999
809,15,10,0.9993
810,20,1,0.0078
811,20,1,0.0094
812,20,1,0.0074
813,20,1,0.0107
814,20,1,0.012
815,20,1,0.0075
816,20,1,0.0095
817,20,1,0.0067
818,20,1,0.0051
819,20,1,0.0059
820,20,1,0.0072
821,20,1,0.0067
822,20,1,0.0095
823,20,1,0.0048
824,20,1,0.0137
825,20,2,0.0427
826,20,2,0.044
827,20,2,0.0409
828,20,2,0.0552
829,20,2,0.0651
830,20,2,0.0413
831,20,2,0.0446
832,20,2,0.0428
833,20,2,0.033
834,20,2,0.0363
835,20,2,0.039
836,20,2,0.0427
837,20,2,0.0446
838,20,2,0.0322
839,20,2,0.0578
840,20,3,0.1149
841,20,3,0.1246
842,20,3,0.1221
843,20,3,0.1466
844,20,3,0.1596
845,20,3,0.1139
846,20,3,0.1277
847,20,3,0.1136
848,20,3,0.0979
849,20,3,0.1016
850,20,3,0.123
851,20,3,0.1166
852,20,3,0.1208
853,20,3,0.0894
854,20,3,0.1477
855,20,4,0.2291
856,20,4,0.2427
857,20,4,0.2499
858,20,4,0.2679
859,20,4,0.2946
860,20,4,0.2315
861,20,4,0.2554
862,20,4,0.231
863,20,4,0.212
864,20,4,0.2097
865,20,4,0.2545
866,20,4,0.2306
867,20,4,0.2389
868,20,4,0.1946
869,20,4,0.2831
870,20,5,0.379
871,20,5,0.403
872,20,5,0.4075
873,20,5,0.4212
874,20,5,0.4512
875,20,5,0.3836
876,20,5,0.4117
877,20,5,0.3761
878,20,5,0.3526
879,20,5,0.3476
880,20,5,0.4172
881,20,5,0.3798
882,20,5,0.4018
883,20,5,0.3382
884,20,5,0.4347
885,20,6,0.5353
886,20,6,0.5601
887,20,6,0.5638
888,20,6,0.5833
889,20,6,0.6113
890,20,6,0.5456
891,20,6,0.5738
892,20,6,0.5271
893,20,6,0.5119
894,20,6,0.5064
895,20,6,0.5846
896,20,6,0.5345
897,20,6,0.5656
898,20,6,0.4944
899,20,6,0.5946
900,20,7,0.6806
901,20,7,0.7115
902,20,7,0.7132
903,20,7,0.7239
904,20,7,0.7468
905,20,7,0.6935
906,20,7,0.7137
907,20,7,0.6679
908,20,7,0.6692
909,20,7,0.6569
910,20,7,0.7343
911,20,7,0.6864
912,20,7,0.7128
913,20,7,0.6467
914,20,7,0.7334
915,20,8,0.798
916,20,8,0.8222
917,20,8,0.8285
918,20,8,0.84
919,20,8,0.8563
920,20,8,0.8088
921,20,8,0.8278
922,20,8,0.7923
923,20,8,0.795
924,20,8,0.7839
925,20,8,0.8505
926,20,8,0.809
927,20,8,0.8327
928,20,8,0.7796
929,20,8,0.8424
930,20,9,0.8877
931,20,9,0.9029
932,20,9,0.9086
933,20,9,0.9169
934,20,9,0.9275
935,20,9,0.8938
936,20,9,0.9061
937,20,9,0.8859
938,20,9,0.8898
939,20,9,0.8779
940,20,9,0.922
941,20,9,0.8923
942,20,9,0.9069
943,20,9,0.8765
944,20,9,0.9151
945,20,10,0.9432
946,20,10,0.9525
947,20,10,0.9599
948,20,10,0.9617
949,20,10,0.9664
950,20,10,0.9519
951,20,10,0.9531
952,20,10,0.9423
953,20,10,0.9471
954,20,10,0.9392
955,20,10,0.9615
956,20,10,0.9451
957,20,10,0.9536
958,20,10,0.9409
959,20,10,0.9606
960,20,11,0.9758
961,20,11,0.9802
962,20,11,0.9863
963,20,11,0.9853
964,20,11,0.9878
965,20,11,0.9786
966,20,11,0.979
967,20,11,0.974
968,20,11,0.9776
969,20,11,0.9733
970,20,11,0.9854
971,20,11,0.9788
972,20,11,0.9812
973,20,11,0.976
974,20,11,0.9826
975,20,12,0.9911
976,20,12,0.9925
977,20,12,0.9945
978,20,12,0.9943
979,20,12,0.9959
980,20,12,0.992
981,20,12,0.9917
982,20,12,0.9895
983,20,12,0.9922
984,20,12,0.9899
985,20,12,0.9941
986,20,12,0.9924
987,20,12,0.9929
988,20,12,0.9914
989,20,12,0.9921
990,20,1,0.0107
991,20,1,0.0081
992,20,1,0.0068
993,20,1,0.0099
994,20,1,0.0114
995,20,1,0.0094
996,20,1,0.0081
997,20,1,0.01
998,20,1,0.0081
999,20,1,0.0105
1000,20,1,0.0116
1001,20,1,0.0106
1002,20,1,0.0079
1003,20,1,0.0102
1004,20,1,0.0113
1005,20,2,0.0534
1006,20,2,0.0454
1007,20,2,0.0368
1008,20,2,0.0478
1009,20,2,0.0568
1010,20,2,0.0491
1011,20,2,0.0412
1012,20,2,0.0547
1013,20,2,0.0434
1014,20,2,0.053
1015,20,2,0.0575
1016,20,2,0.0529
1017,20,2,0.0465
1018,20,2,0.0546
1019,20,2,0.0508
1020,20,3,0.1392
1021,20,3,0.1213
1022,20,3,0.1127
1023,20,3,0.1307
1024,20,3,0.1439
1025,20,3,0.1346
1026,20,3,0.1166
1027,20,3,0.1454
1028,20,3,0.1165
1029,20,3,0.1384
1030,20,3,0.1452
1031,20,3,0.137
1032,20,3,0.1208
1033,20,3,0.1431
1034,20,3,0.1372
1035,20,4,0.2694
1036,20,4,0.2461
1037,20,4,0.2304
1038,20,4,0.2549
1039,20,4,0.2653
1040,20,4,0.2686
1041,20,4,0.2358
1042,20,4,0.2724
1043,20,4,0.2268
1044,20,4,0.2667
1045,20,4,0.2708
1046,20,4,0.2523
1047,20,4,0.2501
1048,20,4,0.2725
1049,20,4,0.2641
1050,20,5,0.4197
1051,20,5,0.3908
1052,20,5,0.3738
1053,20,5,0.4024
1054,20,5,0.4173
1055,20,5,0.4229
1056,20,5,0.3759
1057,20,5,0.4163
1058,20,5,0.3719
1059,20,5,0.4127
1060,20,5,0.4192
1061,20,5,0.4079
1062,20,5,0.4026
1063,20,5,0.4271
1064,20,5,0.4097
1065,20,6,0.5801
1066,20,6,0.5489
1067,20,6,0.5296
1068,20,6,0.5543
1069,20,6,0.5641
1070,20,6,0.5734
1071,20,6,0.5211
1072,20,6,0.5661
1073,20,6,0.5241
1074,20,6,0.5651
1075,20,6,0.5732
1076,20,6,0.552
1077,20,6,0.5685
1078,20,6,0.584
1079,20,6,0.562
1080,20,7,0.7166
1081,20,7,0.6935
1082,20,7,0.6689
1083,20,7,0.6899
1084,20,7,0.7002
1085,20,7,0.7085
1086,20,7,0.6739
1087,20,7,0.7011
1088,20,7,0.6663
1089,20,7,0.6957
1090,20,7,0.7065
1091,20,7,0.6902
1092,20,7,0.7163
1093,20,7,0.7214
1094,20,7,0.6979
1095,20,8,0.8268
1096,20,8,0.8028
1097,20,8,0.7859
1098,20,8,0.8007
1099,20,8,0.8139
1100,20,8,0.8159
1101,20,8,0.793
1102,20,8,0.8089
1103,20,8,0.7869
1104,20,8,0.8075
1105,20,8,0.82
1106,20,8,0.8055
1107,20,8,0.8255
1108,20,8,0.8276
1109,20,8,0.8119
1110,20,9,0.9005
1111,20,9,0.8827
1112,20,9,0.872
1113,20,9,0.8828
1114,20,9,0.8935
1115,20,9,0.8933
1116,20,9,0.8765
1117,20,9,0.8886
1118,20,9,0.8713
1119,20,9,0.8894
1120,20,9,0.8942
1121,20,9,0.891
1122,20,9,0.9022
1123,20,9,0.905
1124,20,9,0.8901
1125,20,10,0.9487
1126,20,10,0.9367
1127,20,10,0.9293
1128,20,10,0.9399
1129,20,10,0.9446
1130,20,10,0.9434
1131,20,10,0.9313
1132,20,10,0.9405
1133,20,10,0.9333
1134,20,10,0.9435
1135,20,10,0.9477
1136,20,10,0.9422
1137,20,10,0.9509
1138,20,10,0.9508
1139,20,10,0.9419
1140,20,11,0.976
1141,20,11,0.9708
1142,20,11,0.9662
1143,20,11,0.9715
1144,20,11,0.971
1145,20,11,0.9729
1146,20,11,0.9665
1147,20,11,0.9728
1148,20,11,0.9676
1149,20,11,0.9723
1150,20,11,0.9772
1151,20,11,0.9716
1152,20,11,0.9791
1153,20,11,0.9796
1154,20,11,0.9734
1155,20,12,0.9916
1156,20,12,0.9865
1157,20,12,0.9852
1158,20,12,0.9885
1159,20,12,0.9867
1160,20,12,0.9863
1161,20,12,0.9858
1162,20,12,0.9889
1163,20,12,0.9865
1164,20,12,0.9883
1165,20,12,0.9887
1166,20,12,0.9872
1167,20,12,0.9922
1168,20,12,0.9918
1169,20,12,0.9889
1170,20,1,0.0102
1171,20,1,0.0104
1172,20,1,0.0093
1173,20,1,0.0089
1174,20,1,0.0105
1175,20,1,0.0101
1176,20,1,0.01
1177,20,1,0.0086
1178,20,1,0.0081
1179,20,1,0.0087
1180,20,1,0.0077
1181,20,1,0.0094
1182,20,1,0.0083
1183,20,1,0.007
1184,20,1,0.0079
1185,20,2,0.0549
1186,20,2,0.0581
1187,20,2,0.0569
1188,20,2,0.0529
1189,20,2,0.0486
1190,20,2,0.0506
1191,20,2,0.0477
1192,20,2,0.0484
1193,20,2,0.0443
1194,20,2,0.0457
1195,20,2,0.0449
1196,20,2,0.0495
1197,20,2,0.0507
1198,20,2,0.0437
1199,20,2,0.0389
1200,20,3,0.1487
1201,20,3,0.1583
1202,20,3,0.156
1203,20,3,0.1508
1204,20,3,0.1316
1205,20,3,0.1383
1206,20,3,0.128
1207,20,3,0.1389
1208,20,3,0.1266
1209,20,3,0.1334
1210,20,3,0.1288
1211,20,3,0.1458
1212,20,3,0.1436
1213,20,3,0.1197
1214,20,3,0.119
1215,20,4,0.2899
1216,20,4,0.2981
1217,20,4,0.2986
1218,20,4,0.2896
1219,20,4,0.2573
1220,20,4,0.2677
1221,20,4,0.2459
1222,20,4,0.262
1223,20,4,0.253
1224,20,4,0.2626
1225,20,4,0.255
1226,20,4,0.2764
1227,20,4,0.2749
1228,20,4,0.25
1229,20,4,0.2378
1230,20,5,0.45
1231,20,5,0.4625
1232,20,5,0.4676
1233,20,5,0.4547
1234,20,5,0.4092
1235,20,5,0.4315
1236,20,5,0.3904
1237,20,5,0.4249
1238,20,5,0.4026
1239,20,5,0.4224
1240,20,5,0.418
1241,20,5,0.4367
1242,20,5,0.436
1243,20,5,0.4067
1244,20,5,0.3922
1245,20,6,0.603
1246,20,6,0.6177
1247,20,6,0.6381
1248,20,6,0.6153
1249,20,6,0.5644
1250,20,6,0.5942
1251,20,6,0.5552
1252,20,6,0.5856
1253,20,6,0.567
1254,20,6,0.5837
1255,20,6,0.5826
1256,20,6,0.5968
1257,20,6,0.5932
1258,20,6,0.571
1259,20,6,0.5498
1260,20,7,0.7343
1261,20,7,0.7539
1262,20,7,0.7735
1263,20,7,0.7493
1264,20,7,0.7131
1265,20,7,0.7336
1266,20,7,0.7027
1267,20,7,0.7268
1268,20,7,0.7069
1269,20,7,0.7267
1270,20,7,0.726
1271,20,7,0.7401
1272,20,7,0.7361
1273,20,7,0.718
1274,20,7,0.6915
1275,20,8,0.8426
1276,20,8,0.8575
1277,20,8,0.8723
1278,20,8,0.8484
1279,20,8,0.8289
1280,20,8,0.8402
1281,20,8,0.819
1282,20,8,0.8365
1283,20,8,0.8183
1284,20,8,0.8403
1285,20,8,0.8362
1286,20,8,0.8494
1287,20,8,0.8428
1288,20,8,0.8321
1289,20,8,0.8106
1290,20,9,0.9174
1291,20,9,0.9254
1292,20,9,0.9371
1293,20,9,0.9145
1294,20,9,0.9078
1295,20,9,0.9148
1296,20,9,0.9083
1297,20,9,0.9124
1298,20,9,0.9029
1299,20,9,0.9131
1300,20,9,0.9119
1301,20,9,0.9216
1302,20,9,0.9185
1303,20,9,0.9091
1304,20,9,0.8981
1305,20,10,0.9607
1306,20,10,0.9658
1307,20,10,0.975
1308,20,10,0.9581
1309,20,10,0.9564
1310,20,10,0.9591
1311,20,10,0.9572
1312,20,10,0.9604
1313,20,10,0.9521
1314,20,10,0.9592
1315,20,10,0.9583
1316,20,10,0.9599
1317,20,10,0.9581
1318,20,10,0.956
1319,20,10,0.9512
1320,20,11,0.9822
1321,20,11,0.9851
1322,20,11,0.9903
1323,20,11,0.9806
1324,20,11,0.9818
1325,20,11,0.9846
1326,20,11,0.982
1327,20,11,0.9841
1328,20,11,0.9792
1329,20,11,0.9855
1330,20,11,0.9827
1331,20,11,0.9815
1332,20,11,0.9805
1333,20,11,0.9804
1334,20,11,0.9794
1335,20,12,0.9942
1336,20,12,0.9944
1337,20,12,0.9971
1338,20,12,0.992
1339,20,12,0.9929
1340,20,12,0.9944
1341,20,12,0.9929
1342,20,12,0.9949
1343,20,12,0.9906
1344,20,12,0.9957
1345,20,12,0.9933
1346,20,12,0.9936
1347,20,12,0.9925
1348,20,12,0.9929
1349,20,12,0.9916
1350,25,1,0.0035
1351,25,1,0.0024
1352,25,1,0.0036
1353,25,1,0.0035
1354,25,1,0.004
1355,25,1,0.0037
1356,25,1,0.0036
1357,25,1,0.004
1358,25,1,0.0021
1359,25,1,0.0031
1360,25,1,0.0031
1361,25,1,0.0029
1362,25,1,0.0039
1363,25,1,0.0037
1364,25,1,0.0037
1365,25,2,0.0226
1366,25,2,0.0174
1367,25,2,0.0189
1368,25,2,0.024
1369,25,2,0.018
1370,25,2,0.0228
1371,25,2,0.0229
1372,25,2,0.0198
1373,25,2,0.0191
1374,25,2,0.0207
1375,25,2,0.0179
1376,25,2,0.0192
1377,25,2,0.0218
1378,25,2,0.0213
1379,25,2,0.0208
1380,25,3,0.0665
1381,25,3,0.0598
1382,25,3,0.0578
1383,25,3,0.0728
1384,25,3,0.0588
1385,25,3,0.0678
1386,25,3,0.0674
1387,25,3,0.0567
1388,25,3,0.0624
1389,25,3,0.0606
1390,25,3,0.0596
1391,25,3,0.0631
1392,25,3,0.0662
1393,25,3,0.0641
1394,25,3,0.0637
1395,25,4,0.1434
1396,25,4,0.1346
1397,25,4,0.1318
1398,25,4,0.1519
1399,25,4,0.1377
1400,25,4,0.1506
1401,25,4,0.1456
1402,25,4,0.1374
1403,25,4,0.134
1404,25,4,0.1407
1405,25,4,0.1381
1406,25,4,0.1465
1407,25,4,0.1416
1408,25,4,0.1444
1409,25,4,0.1371
1410,25,5,0.2563
1411,25,5,0.2462
1412,25,5,0.2419
1413,25,5,0.265
1414,25,5,0.2498
1415,25,5,0.2713
1416,25,5,0.2512
1417,25,5,0.2485
1418,25,5,0.2452
1419,25,5,0.2547
1420,25,5,0.253
1421,25,5,0.2552
1422,25,5,0.2546
1423,25,5,0.264
1424,25,5,0.245
1425,25,6,0.3947
1426,25,6,0.3849
1427,25,6,0.3658
1428,25,6,0.4091
1429,25,6,0.386
1430,25,6,0.4181
1431,25,6,0.3855
1432,25,6,0.387
1433,25,6,0.3833
1434,25,6,0.3892
1435,25,6,0.3892
1436,25,6,0.3993
1437,25,6,0.3931
1438,25,6,0.3986
1439,25,6,0.3816
1440,25,7,0.5387
1441,25,7,0.5289
1442,25,7,0.5024
1443,25,7,0.5562
1444,25,7,0.5385
1445,25,7,0.5633
1446,25,7,0.5279
1447,25,7,0.5335
1448,25,7,0.5249
1449,25,7,0.5407
1450,25,7,0.5356
1451,25,7,0.5509
1452,25,7,0.536
1453,25,7,0.5441
1454,25,7,0.5259
1455,25,8,0.6722
1456,25,8,0.6682
1457,25,8,0.6412
1458,25,8,0.6907
1459,25,8,0.683
1460,25,8,0.6985
1461,25,8,0.6636
1462,25,8,0.6681
1463,25,8,0.6685
1464,25,8,0.6724
1465,25,8,0.6745
1466,25,8,0.6871
1467,25,8,0.6747
1468,25,8,0.6788
1469,25,8,0.6675
1470,25,9,0.7824
1471,25,9,0.7873
1472,25,9,0.7588
1473,25,9,0.798
1474,25,9,0.7934
1475,25,9,0.8073
1476,25,9,0.7755
1477,25,9,0.7875
1478,25,9,0.7815
1479,25,9,0.7826
1480,25,9,0.7899
1481,25,9,0.799
1482,25,9,0.7846
1483,25,9,0.7969
1484,25,9,0.7786
1485,25,10,0.8694
1486,25,10,0.8772
1487,25,10,0.8496
1488,25,10,0.8838
1489,25,10,0.8822
1490,25,10,0.8876
1491,25,10,0.8661
1492,25,10,0.8747
1493,25,10,0.8689
1494,25,10,0.8706
1495,25,10,0.8716
1496,25,10,0.8849
1497,25,10,0.8701
1498,25,10,0.8838
1499,25,10,0.8681
1500,25,11,0.932
1501,25,11,0.9356
1502,25,11,0.9197
1503,25,11,0.9361
1504,25,11,0.9371
1505,25,11,0.9412
1506,25,11,0.924
1507,25,11,0.9284
1508,25,11,0.9265
1509,25,11,0.9296
1510,25,11,0.9296
1511,25,11,0.9399
1512,25,11,0.9282
1513,25,11,0.9349
1514,25,11,0.925
1515,25,12,0.9666
1516,25,12,0.9692
1517,25,12,0.959
1518,25,12,0.9673
1519,25,12,0.9683
1520,25,12,0.9731
1521,25,12,0.9616
1522,25,12,0.9644
1523,25,12,0.9619
1524,25,12,0.9605
1525,25,12,0.964
1526,25,12,0.9727
1527,25,12,0.9641
1528,25,12,0.9667
1529,25,12,0.9637
1530,25,13,0.9861
1531,25,13,0.9854
1532,25,13,0.9793
1533,25,13,0.9856
1534,25,13,0.9863
1535,25,13,0.9891
1536,25,13,0.9815
1537,25,13,0.9858
1538,25,13,0.9809
1539,25,13,0.9812
1540,25,13,0.985
1541,25,13,0.9881
1542,25,13,0.985
1543,25,13,0.9844
1544,25,13,0.9842
1545,25,14,0.995
1546,25,14,0.9944
1547,25,14,0.9916
1548,25,14,0.995
1549,25,14,0.9942
1550,25,14,0.9964
1551,25,14,0.9924
1552,25,14,0.9945
1553,25,14,0.9909
1554,25,14,0.991
1555,25,14,0.9945
1556,25,14,0.9958
1557,25,14,0.9944
1558,25,14,0.9935
1559,25,14,0.9928
1560,25,1,0.0031
1561,25,1,0.0037
1562,25,1,0.0031
1563,25,1,0.0037
1564,25,1,0.0031
1565,25,1,0.0034
1566,25,1,0.0032
1567,25,1,0.0026
1568,25,1,0.0029
1569,25,1,0.0054
1570,25,1,0.0041
1571,25,1,0.0032
1572,25,1,0.0024
1573,25,1,0.0035
1574,25,1,0.0042
1575,25,2,0.016
1576,25,2,0.0193
1577,25,2,0.0203
1578,25,2,0.0225
1579,25,2,0.0199
1580,25,2,0.0204
1581,25,2,0.018
1582,25,2,0.0154
1583,25,2,0.0185
1584,25,2,0.0285
1585,25,2,0.0239
1586,25,2,0.0195
1587,25,2,0.0206
1588,25,2,0.0176
1589,25,2,0.0191
1590,25,3,0.0571
1591,25,3,0.0662
1592,25,3,0.0643
1593,25,3,0.0716
1594,25,3,0.06
1595,25,3,0.062
1596,25,3,0.0558
1597,25,3,0.0537
1598,25,3,0.0591
1599,25,3,0.0823
1600,25,3,0.0705
1601,25,3,0.0644
1602,25,3,0.0621
1603,25,3,0.0558
1604,25,3,0.0595
1605,25,4,0.1304
1606,25,4,0.1431
1607,25,4,0.1541
1608,25,4,0.1634
1609,25,4,0.1329
1610,25,4,0.1361
1611,25,4,0.1302
1612,25,4,0.1311
1613,25,4,0.1376
1614,25,4,0.1794
1615,25,4,0.1508
1616,25,4,0.1532
1617,25,4,0.1416
1618,25,4,0.1306
1619,25,4,0.1311
1620,25,5,0.238
1621,25,5,0.2599
1622,25,5,0.2792
1623,25,5,0.2855
1624,25,5,0.2433
1625,25,5,0.2363
1626,25,5,0.2408
1627,25,5,0.2397
1628,25,5,0.2584
1629,25,5,0.3066
1630,25,5,0.2673
1631,25,5,0.2765
1632,25,5,0.2472
1633,25,5,0.2436
1634,25,5,0.2239
1635,25,6,0.3756
1636,25,6,0.4043
1637,25,6,0.4239
1638,25,6,0.4312
1639,25,6,0.3814
1640,25,6,0.3639
1641,25,6,0.378
1642,25,6,0.3725
1643,25,6,0.3991
1644,25,6,0.4574
1645,25,6,0.4011
1646,25,6,0.4271
1647,25,6,0.3735
1648,25,6,0.3758
1649,25,6,0.3441
1650,25,7,0.5261
1651,25,7,0.5442
1652,25,7,0.5747
1653,25,7,0.5851
1654,25,7,0.5259
1655,25,7,0.5085
1656,25,7,0.5215
1657,25,7,0.5134
1658,25,7,0.5436
1659,25,7,0.6051
1660,25,7,0.5441
1661,25,7,0.5739
1662,25,7,0.5217
1663,25,7,0.5222
1664,25,7,0.4825
1665,25,8,0.6649
1666,25,8,0.6754
1667,25,8,0.7087
1668,25,8,0.7187
1669,25,8,0.6632
1670,25,8,0.6435
1671,25,8,0.6591
1672,25,8,0.6534
1673,25,8,0.6739
1674,25,8,0.7304
1675,25,8,0.6853
1676,25,8,0.7102
1677,25,8,0.659
1678,25,8,0.666
1679,25,8,0.6242
1680,25,9,0.7798
1681,25,9,0.784
1682,25,9,0.8172
1683,25,9,0.8259
1684,25,9,0.7766
1685,25,9,0.7591
1686,25,9,0.7747
1687,25,9,0.7743
1688,25,9,0.784
1689,25,9,0.829
1690,25,9,0.795
1691,25,9,0.8159
1692,25,9,0.7775
1693,25,9,0.7842
1694,25,9,0.7439
1695,25,10,0.8636
1696,25,10,0.8651
1697,25,10,0.8908
1698,25,10,0.902
1699,25,10,0.8667
1700,25,10,0.8464
1701,25,10,0.86
1702,25,10,0.8623
1703,25,10,0.8668
1704,25,10,0.9026
1705,25,10,0.8791
1706,25,10,0.8939
1707,25,10,0.8644
1708,25,10,0.869
1709,25,10,0.8435
1710,25,11,0.9225
1711,25,11,0.9212
1712,25,11,0.939
1713,25,11,0.9508
1714,25,11,0.9257
1715,25,11,0.9124
1716,25,11,0.9245
1717,25,11,0.9242
1718,25,11,0.926
1719,25,11,0.9493
1720,25,11,0.9362
1721,25,11,0.9429
1722,25,11,0.9234
1723,25,11,0.9317
1724,25,11,0.9099
1725,25,12,0.9592
1726,25,12,0.9592
1727,25,12,0.9705
1728,25,12,0.9778
1729,25,12,0.9616
1730,25,12,0.9545
1731,25,12,0.9626
1732,25,12,0.9598
1733,25,12,0.9606
1734,25,12,0.9753
1735,25,12,0.9692
1736,25,12,0.9708
1737,25,12,0.9597
1738,25,12,0.9649
1739,25,12,0.9512
1740,25,13,0.9789
1741,25,13,0.9804
1742,25,13,0.9861
1743,25,13,0.9919
1744,25,13,0.9812
1745,25,13,0.9785
1746,25,13,0.9832
1747,25,13,0.9803
1748,25,13,0.9833
1749,25,13,0.9884
1750,25,13,0.9854
1751,25,13,0.9871
1752,25,13,0.9824
1753,25,13,0.9842
1754,25,13,0.9771
1755,25,14,0.9904
1756,25,14,0.9912
1757,25,14,0.9941
1758,25,14,0.9966
1759,25,14,0.9925
1760,25,14,0.9905
1761,25,14,0.9914
1762,25,14,0.9919
1763,25,14,0.9932
1764,25,14,0.996
1765,25,14,0.9936
1766,25,14,0.9944
1767,25,14,0.9913
1768,25,14,0.9938
1769,25,14,0.9911
1770,25,1,0.0025
1771,25,1,0.0026
1772,25,1,0.0025
1773,25,1,0.0035
1774,25,1,0.0025
1775,25,1,0.0026
1776,25,1,0.0034
1777,25,1,0.0028
1778,25,1,0.0017
1779,25,1,0.0021
1780,25,1,0.002
1781,25,1,0.0022
1782,25,1,0.0037
1783,25,1,0.0015
1784,25,1,0.0012
1785,25,2,0.0152
1786,25,2,0.0149
1787,25,2,0.017
1788,25,2,0.0235
1789,25,2,0.0141
1790,25,2,0.0171
1791,25,2,0.0159
1792,25,2,0.0182
1793,25,2,0.0131
1794,25,2,0.0166
1795,25,2,0.0178
1796,25,2,0.0155
1797,25,2,0.0177
1798,25,2,0.0111
1799,25,2,0.0131
1800,25,3,0.0514
1801,25,3,0.0507
1802,25,3,0.0525
1803,25,3,0.0648
1804,25,3,0.0476
1805,25,3,0.0602
1806,25,3,0.0514
1807,25,3,0.0526
1808,25,3,0.0449
1809,25,3,0.0516
1810,25,3,0.0564
1811,25,3,0.0535
1812,25,3,0.0559
1813,25,3,0.0442
1814,25,3,0.0443
1815,25,4,0.1132
1816,25,4,0.1154
1817,25,4,0.1222
1818,25,4,0.1378
1819,25,4,0.1109
1820,25,4,0.1346
1821,25,4,0.119
1822,25,4,0.1206
1823,25,4,0.103
1824,25,4,0.1151
1825,25,4,0.1299
1826,25,4,0.1265
1827,25,4,0.1278
1828,25,4,0.1071
1829,25,4,0.1057
1830,25,5,0.1996
1831,25,5,0.2115
1832,25,5,0.2239
1833,25,5,0.2475
1834,25,5,0.2106
1835,25,5,0.2362
1836,25,5,0.2241
1837,25,5,0.2271
1838,25,5,0.1972
1839,25,5,0.2044
1840,25,5,0.2284
1841,25,5,0.2379
1842,25,5,0.235
1843,25,5,0.209
1844,25,5,0.2059
1845,25,6,0.3199
1846,25,6,0.3363
1847,25,6,0.3588
1848,25,6,0.3773
1849,25,6,0.3366
1850,25,6,0.3716
1851,25,6,0.3509
1852,25,6,0.3611
1853,25,6,0.3148
1854,25,6,0.3204
1855,25,6,0.3624
1856,25,6,0.3629
1857,25,6,0.366
1858,25,6,0.328
1859,25,6,0.3357
1860,25,7,0.4545
1861,25,7,0.469
1862,25,7,0.4969
1863,25,7,0.5144
1864,25,7,0.477
1865,25,7,0.5147
1866,25,7,0.4908
1867,25,7,0.5119
1868,25,7,0.4529
1869,25,7,0.4487
1870,25,7,0.5053
1871,25,7,0.5046
1872,25,7,0.5078
1873,25,7,0.4773
1874,25,7,0.4817
1875,25,8,0.5889
1876,25,8,0.6055
1877,25,8,0.6365
1878,25,8,0.6523
1879,25,8,0.6143
1880,25,8,0.655
1881,25,8,0.6284
1882,25,8,0.6525
1883,25,8,0.5878
1884,25,8,0.5858
1885,25,8,0.6379
1886,25,8,0.6392
1887,25,8,0.6441
1888,25,8,0.6192
1889,25,8,0.6297
1890,25,9,0.713
1891,25,9,0.7296
1892,25,9,0.7593
1893,25,9,0.7691
1894,25,9,0.731
1895,25,9,0.7787
1896,25,9,0.7478
1897,25,9,0.7725
1898,25,9,0.7189
1899,25,9,0.7075
1900,25,9,0.7591
1901,25,9,0.7506
1902,25,9,0.7572
1903,25,9,0.7375
1904,25,9,0.749
1905,25,10,0.8198
1906,25,10,0.8279
1907,25,10,0.853
1908,25,10,0.8605
1909,25,10,0.8317
1910,25,10,0.8682
1911,25,10,0.845
1912,25,10,0.8682
1913,25,10,0.8222
1914,25,10,0.8125
1915,25,10,0.8514
1916,25,10,0.8428
1917,25,10,0.8454
1918,25,10,0.8385
1919,25,10,0.8472
1920,25,11,0.8941
1921,25,11,0.9009
1922,25,11,0.9125
1923,25,11,0.9217
1924,25,11,0.9017
1925,25,11,0.9295
1926,25,11,0.9105
1927,25,11,0.9257
1928,25,11,0.8961
1929,25,11,0.887
1930,25,11,0.9193
1931,25,11,0.9095
1932,25,11,0.9137
1933,25,11,0.906
1934,25,11,0.9134
1935,25,12,0.9452
1936,25,12,0.9484
1937,25,12,0.9552
1938,25,12,0.9609
1939,25,12,0.9506
1940,25,12,0.9656
1941,25,12,0.9528
1942,25,12,0.9665
1943,25,12,0.9435
1944,25,12,0.9405
1945,25,12,0.959
1946,25,12,0.9513
1947,25,12,0.955
1948,25,12,0.9518
1949,25,12,0.9581
1950,25,13,0.9724
1951,25,13,0.974
1952,25,13,0.9787
1953,25,13,0.9822
1954,25,13,0.9774
1955,25,13,0.9855
1956,25,13,0.978
1957,25,13,0.9866
1958,25,13,0.9716
1959,25,13,0.9721
1960,25,13,0.9805
1961,25,13,0.9758
1962,25,13,0.977
1963,25,13,0.9762
1964,25,13,0.9809
1965,25,14,0.9884
1966,25,14,0.9885
1967,25,14,0.9913
1968,25,14,0.9924
1969,25,14,0.9902
1970,25,14,0.9938
1971,25,14,0.9917
1972,25,14,0.9942
1973,25,14,0.9875
1974,25,14,0.9894
1975,25,14,0.99
1976,25,14,0.9888
1977,25,14,0.9897
1978,25,14,0.9895
1979,25,14,0.9926
1980,30,1,0.0006
1981,30,1,0.001
1982,30,1,0.0007
1983,30,1,0.001
1984,30,1,0.0009
1985,30,1,0.0006
1986,30,1,0.0012
1987,30,1,0.0011
1988,30,1,0.0008
1989,30,1,0.0003
1990,30,1,0.0006
1991,30,1,0.0008
1992,30,1,0.0017
1993,30,1,0.0016
1994,30,1,0.0013
1995,30,2,0.0056
1996,30,2,0.0064
1997,30,2,0.0071
1998,30,2,0.0057
1999,30,2,0.0063
2000,30,2,0.0059
2001,30,2,0.0064
2002,30,2,0.0085
2003,30,2,0.0056
2004,30,2,0.0037
2005,30,2,0.006
2006,30,2,0.0065
2007,30,2,0.0068
2008,30,2,0.0068
2009,30,2,0.0087
2010,30,3,0.0211
2011,30,3,0.0225
2012,30,3,0.0261
2013,30,3,0.0203
2014,30,3,0.0227
2015,30,3,0.0229
2016,30,3,0.022
2017,30,3,0.0293
2018,30,3,0.0183
2019,30,3,0.0161
2020,30,3,0.0205
2021,30,3,0.0208
2022,30,3,0.024
2023,30,3,0.0221
2024,30,3,0.024
2025,30,4,0.056
2026,30,4,0.0561
2027,30,4,0.0641
2028,30,4,0.0523
2029,30,4,0.0578
2030,30,4,0.0577
2031,30,4,0.055
2032,30,4,0.0733
2033,30,4,0.0476
2034,30,4,0.0413
2035,30,4,0.0526
2036,30,4,0.0524
2037,30,4,0.06
2038,30,4,0.0531
2039,30,4,0.0617
2040,30,5,0.1111
2041,30,5,0.1119
2042,30,5,0.127
2043,30,5,0.1056
2044,30,5,0.1203
2045,30,5,0.1158
2046,30,5,0.1125
2047,30,5,0.1415
2048,30,5,0.0979
2049,30,5,0.0924
2050,30,5,0.1125
2051,30,5,0.1065
2052,30,5,0.1179
2053,30,5,0.108
2054,30,5,0.1223
2055,30,6,0.1918
2056,30,6,0.1979
2057,30,6,0.2213
2058,30,6,0.1869
2059,30,6,0.2046
2060,30,6,0.1951
2061,30,6,0.1998
2062,30,6,0.2338
2063,30,6,0.176
2064,30,6,0.1648
2065,30,6,0.1924
2066,30,6,0.19
2067,30,6,0.2065
2068,30,6,0.1868
2069,30,6,0.2124
2070,30,7,0.2991
2071,30,7,0.3047
2072,30,7,0.3323
2073,30,7,0.2926
2074,30,7,0.3146
2075,30,7,0.3058
2076,30,7,0.3152
2077,30,7,0.3584
2078,30,7,0.2785
2079,30,7,0.2607
2080,30,7,0.2966
2081,30,7,0.2982
2082,30,7,0.3131
2083,30,7,0.2865
2084,30,7,0.3232
2085,30,8,0.4219
2086,30,8,0.4365
2087,30,8,0.458
2088,30,8,0.4148
2089,30,8,0.4386
2090,30,8,0.4276
2091,30,8,0.4375
2092,30,8,0.4785
2093,30,8,0.3976
2094,30,8,0.3737
2095,30,8,0.4178
2096,30,8,0.4209
2097,30,8,0.4378
2098,30,8,0.4078
2099,30,8,0.4515
2100,30,9,0.5514
2101,30,9,0.5687
2102,30,9,0.5831
2103,30,9,0.539
2104,30,9,0.5644
2105,30,9,0.5597
2106,30,9,0.5699
2107,30,9,0.6035
2108,30,9,0.525
2109,30,9,0.5072
2110,30,9,0.5464
2111,30,9,0.5528
2112,30,9,0.5631
2113,30,9,0.5386
2114,30,9,0.584
2115,30,10,0.6799
2116,30,10,0.6916
2117,30,10,0.703
2118,30,10,0.6557
2119,30,10,0.6901
2120,30,10,0.6789
2121,30,10,0.6924
2122,30,10,0.7196
2123,30,10,0.6486
2124,30,10,0.6333
2125,30,10,0.6675
2126,30,10,0.6746
2127,30,10,0.682
2128,30,10,0.6625
2129,30,10,0.7031
2130,30,11,0.7804
2131,30,11,0.7927
2132,30,11,0.8019
2133,30,11,0.7668
2134,30,11,0.7932
2135,30,11,0.7819
2136,30,11,0.7969
2137,30,11,0.8151
2138,30,11,0.7591
2139,30,11,0.7485
2140,30,11,0.7676
2141,30,11,0.7776
2142,30,11,0.7855
2143,30,11,0.7625
2144,30,11,0.8011
2145,30,12,0.8629
2146,30,12,0.8674
2147,30,12,0.8748
2148,30,12,0.8568
2149,30,12,0.8728
2150,30,12,0.8587
2151,30,12,0.8745
2152,30,12,0.8886
2153,30,12,0.8446
2154,30,12,0.8383
2155,30,12,0.8534
2156,30,12,0.8605
2157,30,12,0.8677
2158,30,12,0.8468
2159,30,12,0.878
2160,30,13,0.9198
2161,30,13,0.9233
2162,30,13,0.9283
2163,30,13,0.9154
2164,30,13,0.9265
2165,30,13,0.9136
2166,30,13,0.9263
2167,30,13,0.935
2168,30,13,0.9101
2169,30,13,0.901
2170,30,13,0.9122
2171,30,13,0.9182
2172,30,13,0.9239
2173,30,13,0.9107
2174,30,13,0.9332
2175,30,14,0.9566
2176,30,14,0.9587
2177,30,14,0.9634
2178,30,14,0.9548
2179,30,14,0.962
2180,30,14,0.9511
2181,30,14,0.9571
2182,30,14,0.9666
2183,30,14,0.9512
2184,30,14,0.9471
2185,30,14,0.9499
2186,30,14,0.9527
2187,30,14,0.9606
2188,30,14,0.9473
2189,30,14,0.9638
2190,30,15,0.9783
2191,30,15,0.9811
2192,30,15,0.9836
2193,30,15,0.9796
2194,30,15,0.9806
2195,30,15,0.974
2196,30,15,0.9794
2197,30,15,0.9826
2198,30,15,0.9722
2199,30,15,0.9744
2200,30,15,0.9742
2201,30,15,0.9772
2202,30,15,0.98
2203,30,15,0.9743
2204,30,15,0.9828
2205,30,16,0.9901
2206,30,16,0.9919
2207,30,16,0.993
2208,30,16,0.99
2209,30,16,0.9902
2210,30,16,0.9887
2211,30,16,0.9911
2212,30,16,0.9925
2213,30,16,0.9866
2214,30,16,0.987
2215,30,16,0.9879
2216,30,16,0.9889
2217,30,16,0.9904
2218,30,16,0.9882
2219,30,16,0.993
2220,30,1,0.0009
2221,30,1,0.001
2222,30,1,0.0015
2223,30,1,0.0019
2224,30,1,0.0012
2225,30,1,0.001
2226,30,1,0.002
2227,30,1,0.0011
2228,30,1,0.0027
2229,30,1,0.0006
2230,30,1,0.0009
2231,30,1,0.0014
2232,30,1,0.0012
2233,30,1,0.0019
2234,30,1,0.0013
2235,30,2,0.0054
2236,30,2,0.0059
2237,30,2,0.0109
2238,30,2,0.0079
2239,30,2,0.0046
2240,30,2,0.0051
2241,30,2,0.0087
2242,30,2,0.0067
2243,30,2,0.0088
2244,30,2,0.0051
2245,30,2,0.0065
2246,30,2,0.007
2247,30,2,0.0055
2248,30,2,0.0098
2249,30,2,0.0066
2250,30,3,0.0189
2251,30,3,0.0205
2252,30,3,0.0342
2253,30,3,0.0277
2254,30,3,0.0203
2255,30,3,0.0189
2256,30,3,0.0289
2257,30,3,0.0266
2258,30,3,0.0279
2259,30,3,0.0203
2260,30,3,0.0232
2261,30,3,0.0226
2262,30,3,0.0184
2263,30,3,0.0305
2264,30,3,0.0238
2265,30,4,0.0501
2266,30,4,0.0547
2267,30,4,0.0764
2268,30,4,0.0639
2269,30,4,0.0527
2270,30,4,0.0527
2271,30,4,0.0713
2272,30,4,0.0664
2273,30,4,0.0682
2274,30,4,0.0562
2275,30,4,0.0571
2276,30,4,0.0586
2277,30,4,0.0464
2278,30,4,0.0708
2279,30,4,0.0619
2280,30,5,0.103
2281,30,5,0.1114
2282,30,5,0.1419
2283,30,5,0.1264
2284,30,5,0.1091
2285,30,5,0.1117
2286,30,5,0.1359
2287,30,5,0.1389
2288,30,5,0.1365
2289,30,5,0.112
2290,30,5,0.116
2291,30,5,0.1168
2292,30,5,0.0948
2293,30,5,0.1325
2294,30,5,0.1159
2295,30,6,0.1821
2296,30,6,0.1951
2297,30,6,0.244
2298,30,6,0.2156
2299,30,6,0.1961
2300,30,6,0.1942
2301,30,6,0.2359
2302,30,6,0.24
2303,30,6,0.2346
2304,30,6,0.201
2305,30,6,0.2031
2306,30,6,0.2018
2307,30,6,0.1752
2308,30,6,0.2231
2309,30,6,0.1972
2310,30,7,0.2861
2311,30,7,0.3019
2312,30,7,0.3642
2313,30,7,0.3249
2314,30,7,0.3084
2315,30,7,0.3002
2316,30,7,0.3552
2317,30,7,0.3629
2318,30,7,0.3475
2319,30,7,0.3135
2320,30,7,0.3118
2321,30,7,0.3147
2322,30,7,0.2766
2323,30,7,0.3445
2324,30,7,0.307
2325,30,8,0.4114
2326,30,8,0.4196
2327,30,8,0.4883
2328,30,8,0.4512
2329,30,8,0.4384
2330,30,8,0.4261
2331,30,8,0.483
2332,30,8,0.4916
2333,30,8,0.4848
2334,30,8,0.4394
2335,30,8,0.4389
2336,30,8,0.4375
2337,30,8,0.3971
2338,30,8,0.4651
2339,30,8,0.432
2340,30,9,0.5419
2341,30,9,0.5499
2342,30,9,0.6109
2343,30,9,0.5804
2344,30,9,0.5664
2345,30,9,0.5566
2346,30,9,0.609
2347,30,9,0.6198
2348,30,9,0.6156
2349,30,9,0.5715
2350,30,9,0.5694
2351,30,9,0.5637
2352,30,9,0.523
2353,30,9,0.5889
2354,30,9,0.5583
2355,30,10,0.666
2356,30,10,0.675
2357,30,10,0.7244
2358,30,10,0.6981
2359,30,10,0.6843
2360,30,10,0.6754
2361,30,10,0.723
2362,30,10,0.7335
2363,30,10,0.7284
2364,30,10,0.69
2365,30,10,0.6906
2366,30,10,0.6804
2367,30,10,0.6505
2368,30,10,0.7054
2369,30,10,0.6774
2370,30,11,0.7775
2371,30,11,0.7834
2372,30,11,0.8204
2373,30,11,0.7972
2374,30,11,0.7891
2375,30,11,0.7801
2376,30,11,0.8174
2377,30,11,0.8302
2378,30,11,0.8185
2379,30,11,0.791
2380,30,11,0.7922
2381,30,11,0.7813
2382,30,11,0.7582
2383,30,11,0.8026
2384,30,11,0.7802
2385,30,12,0.8566
2386,30,12,0.8677
2387,30,12,0.8894
2388,30,12,0.8726
2389,30,12,0.8632
2390,30,12,0.8614
2391,30,12,0.8883
2392,30,12,0.8982
2393,30,12,0.8904
2394,30,12,0.8707
2395,30,12,0.8717
2396,30,12,0.8609
2397,30,12,0.8419
2398,30,12,0.8762
2399,30,12,0.8585
2400,30,13,0.9171
2401,30,13,0.9253
2402,30,13,0.9368
2403,30,13,0.9276
2404,30,13,0.9192
2405,30,13,0.9205
2406,30,13,0.9374
2407,30,13,0.9422
2408,30,13,0.9393
2409,30,13,0.9261
2410,30,13,0.9284
2411,30,13,0.9172
2412,30,13,0.9052
2413,30,13,0.9298
2414,30,13,0.9163
2415,30,14,0.9555
2416,30,14,0.9606
2417,30,14,0.9662
2418,30,14,0.959
2419,30,14,0.9566
2420,30,14,0.9555
2421,30,14,0.9661
2422,30,14,0.9699
2423,30,14,0.968
2424,30,14,0.9607
2425,30,14,0.9652
2426,30,14,0.957
2427,30,14,0.9465
2428,30,14,0.963
2429,30,14,0.9536
2430,30,15,0.9787
2431,30,15,0.9816
2432,30,15,0.9836
2433,30,15,0.98
2434,30,15,0.9779
2435,30,15,0.9765
2436,30,15,0.985
2437,30,15,0.9862
2438,30,15,0.9829
2439,30,15,0.9814
2440,30,15,0.9825
2441,30,15,0.9773
2442,30,15,0.9724
2443,30,15,0.9814
2444,30,15,0.9784
2445,30,16,0.9899
2446,30,16,0.9914
2447,30,16,0.9932
2448,30,16,0.9896
2449,30,16,0.9906
2450,30,16,0.9903
2451,30,16,0.9929
2452,30,16,0.9938
2453,30,16,0.9925
2454,30,16,0.9909
2455,30,16,0.9925
2456,30,16,0.9884
2457,30,16,0.9866
2458,30,16,0.9911
2459,30,16,0.9894
2460,30,1,0.0011
2461,30,1,0.0009
2462,30,1,0.0002
2463,30,1,0.0009
2464,30,1,0.0009
2465,30,1,0.0015
2466,30,1,0.0005
2467,30,1,0.001
2468,30,1,0.0008
2469,30,1,0.0004
2470,30,1,0.001
2471,30,1,0.0007
2472,30,1,0.0008
2473,30,1,0.0008
2474,30,1,0.0009
2475,30,2,0.0045
2476,30,2,0.0029
2477,30,2,0.0031
2478,30,2,0.0059
2479,30,2,0.0047
2480,30,2,0.0067
2481,30,2,0.0055
2482,30,2,0.0035
2483,30,2,0.0051
2484,30,2,0.0049
2485,30,2,0.0059
2486,30,2,0.0034
2487,30,2,0.0053
2488,30,2,0.004
2489,30,2,0.0055
2490,30,3,0.014
2491,30,3,0.0133
2492,30,3,0.0142
2493,30,3,0.0215
2494,30,3,0.019
2495,30,3,0.0217
2496,30,3,0.0194
2497,30,3,0.0143
2498,30,3,0.0225
2499,30,3,0.0193
2500,30,3,0.0211
2501,30,3,0.0158
2502,30,3,0.0219
2503,30,3,0.0144
2504,30,3,0.0189
2505,30,4,0.0407
2506,30,4,0.0405
2507,30,4,0.0416
2508,30,4,0.0611
2509,30,4,0.0492
2510,30,4,0.0549
2511,30,4,0.0567
2512,30,4,0.04
2513,30,4,0.0554
2514,30,4,0.0508
2515,30,4,0.0553
2516,30,4,0.0416
2517,30,4,0.0542
2518,30,4,0.043
2519,30,4,0.0481
2520,30,5,0.0896
2521,30,5,0.0875
2522,30,5,0.0889
2523,30,5,0.1255
2524,30,5,0.1046
2525,30,5,0.1135
2526,30,5,0.1181
2527,30,5,0.0878
2528,30,5,0.1184
2529,30,5,0.1117
2530,30,5,0.1146
2531,30,5,0.0964
2532,30,5,0.1139
2533,30,5,0.0911
2534,30,5,0.1045
2535,30,6,0.1668
2536,30,6,0.1657
2537,30,6,0.1671
2538,30,6,0.2133
2539,30,6,0.193
2540,30,6,0.1992
2541,30,6,0.2093
2542,30,6,0.1654
2543,30,6,0.2051
2544,30,6,0.198
2545,30,6,0.2012
2546,30,6,0.1718
2547,30,6,0.2
2548,30,6,0.1672
2549,30,6,0.1865
2550,30,7,0.2755
2551,30,7,0.268
2552,30,7,0.2687
2553,30,7,0.329
2554,30,7,0.3078
2555,30,7,0.3106
2556,30,7,0.3272
2557,30,7,0.272
2558,30,7,0.3114
2559,30,7,0.3073
2560,30,7,0.3088
2561,30,7,0.2763
2562,30,7,0.3104
2563,30,7,0.2703
2564,30,7,0.2983
2565,30,8,0.3968
2566,30,8,0.3879
2567,30,8,0.3951
2568,30,8,0.4589
2569,30,8,0.4315
2570,30,8,0.4413
2571,30,8,0.4595
2572,30,8,0.3989
2573,30,8,0.442
2574,30,8,0.4402
2575,30,8,0.4362
2576,30,8,0.4002
2577,30,8,0.4289
2578,30,8,0.3913
2579,30,8,0.4225
2580,30,9,0.529
2581,30,9,0.5248
2582,30,9,0.5324
2583,30,9,0.5857
2584,30,9,0.5615
2585,30,9,0.5676
2586,30,9,0.5914
2587,30,9,0.5389
2588,30,9,0.5701
2589,30,9,0.5784
2590,30,9,0.5703
2591,30,9,0.5339
2592,30,9,0.5622
2593,30,9,0.5238
2594,30,9,0.5526
2595,30,10,0.6583
2596,30,10,0.6503
2597,30,10,0.6557
2598,30,10,0.7048
2599,30,10,0.6862
2600,30,10,0.6896
2601,30,10,0.7097
2602,30,10,0.6666
2603,30,10,0.6898
2604,30,10,0.6922
2605,30,10,0.6997
2606,30,10,0.6602
2607,30,10,0.6881
2608,30,10,0.6529
2609,30,10,0.6757
2610,30,11,0.7688
2611,30,11,0.7631
2612,30,11,0.7713
2613,30,11,0.8037
2614,30,11,0.7897
2615,30,11,0.7941
2616,30,11,0.8134
2617,30,11,0.7755
2618,30,11,0.7856
2619,30,11,0.792
2620,30,11,0.8051
2621,30,11,0.7631
2622,30,11,0.7879
2623,30,11,0.7642
2624,30,11,0.7807
2625,30,12,0.8567
2626,30,12,0.8501
2627,30,12,0.8582
2628,30,12,0.8794
2629,30,12,0.8677
2630,30,12,0.8731
2631,30,12,0.887
2632,30,12,0.8606
2633,30,12,0.8676
2634,30,12,0.8703
2635,30,12,0.8786
2636,30,12,0.8489
2637,30,12,0.8715
2638,30,12,0.8514
2639,30,12,0.8611
2640,30,13,0.9152
2641,30,13,0.913
2642,30,13,0.9181
2643,30,13,0.9306
2644,30,13,0.9262
2645,30,13,0.9259
2646,30,13,0.9349
2647,30,13,0.916
2648,30,13,0.9189
2649,30,13,0.9257
2650,30,13,0.933
2651,30,13,0.9117
2652,30,13,0.926
2653,30,13,0.9131
2654,30,13,0.9196
2655,30,14,0.9561
2656,30,14,0.9535
2657,30,14,0.9565
2658,30,14,0.9617
2659,30,14,0.9624
2660,30,14,0.9592
2661,30,14,0.9667
2662,30,14,0.9548
2663,30,14,0.9534
2664,30,14,0.9627
2665,30,14,0.9653
2666,30,14,0.9519
2667,30,14,0.9614
2668,30,14,0.9521
2669,30,14,0.9574
2670,30,15,0.978
2671,30,15,0.9771
2672,30,15,0.9783
2673,30,15,0.9798
2674,30,15,0.9811
2675,30,15,0.9796
2676,30,15,0.9826
2677,30,15,0.978
2678,30,15,0.9766
2679,30,15,0.9816
2680,30,15,0.9807
2681,30,15,0.977
2682,30,15,0.9809
2683,30,15,0.9755
2684,30,15,0.9785
2685,30,16,0.9913
2686,30,16,0.9899
2687,30,16,0.9903
2688,30,16,0.9913
2689,30,16,0.9905
2690,30,16,0.991
2691,30,16,0.9913
2692,30,16,0.9893
2693,30,16,0.9886
2694,30,16,0.9917
2695,30,16,0.9916
2696,30,16,0.9893
2697,30,16,0.9915
2698,30,16,0.989
2699,30,16,0.9894
2700,40,2,0.0001
2701,40,2,0.0001
2702,40,2,0.0003
2703,40,2,0.0
2704,40,2,0.0
2705,40,2,0.0002
2706,40,2,0.0003
2707,40,2,0.0001
2708,40,2,0.0002
2709,40,2,0.0001
2710,40,2,0.0002
2711,40,2,0.0
2712,40,2,0.0001
2713,40,2,0.0
2714,40,2,0.0001
2715,40,3,0.0006
2716,40,3,0.0004
2717,40,3,0.0008
2718,40,3,0.0005
2719,40,3,0.0002
2720,40,3,0.0005
2721,40,3,0.0013
2722,40,3,0.0008
2723,40,3,0.0011
2724,40,3,0.0008
2725,40,3,0.0009
2726,40,3,0.0002
2727,40,3,0.0004
2728,40,3,0.0005
2729,40,3,0.0007
2730,40,4,0.0025
2731,40,4,0.0027
2732,40,4,0.0029
2733,40,4,0.0023
2734,40,4,0.0011
2735,40,4,0.0026
2736,40,4,0.0034
2737,40,4,0.0023
2738,40,4,0.0036
2739,40,4,0.0035
2740,40,4,0.0031
2741,40,4,0.0012
2742,40,4,0.0024
2743,40,4,0.0014
2744,40,4,0.0031
2745,40,5,0.0072
2746,40,5,0.0073
2747,40,5,0.0093
2748,40,5,0.0065
2749,40,5,0.004
2750,40,5,0.0096
2751,40,5,0.0112
2752,40,5,0.0073
2753,40,5,0.0081
2754,40,5,0.0089
2755,40,5,0.0065
2756,40,5,0.0045
2757,40,5,0.0081
2758,40,5,0.0059
2759,40,5,0.0079
2760,40,6,0.0183
2761,40,6,0.017
2762,40,6,0.0234
2763,40,6,0.0157
2764,40,6,0.0109
2765,40,6,0.0212
2766,40,6,0.0258
2767,40,6,0.0185
2768,40,6,0.0208
2769,40,6,0.0222
2770,40,6,0.0161
2771,40,6,0.0109
2772,40,6,0.0212
2773,40,6,0.0172
2774,40,6,0.0207
2775,40,7,0.0409
2776,40,7,0.0408
2777,40,7,0.0463
2778,40,7,0.0383
2779,40,7,0.0253
2780,40,7,0.0434
2781,40,7,0.0517
2782,40,7,0.039
2783,40,7,0.0436
2784,40,7,0.0471
2785,40,7,0.0349
2786,40,7,0.0257
2787,40,7,0.0425
2788,40,7,0.0359
2789,40,7,0.046
2790,40,8,0.0712
2791,40,8,0.0764
2792,40,8,0.0863
2793,40,8,0.0722
2794,40,8,0.0497
2795,40,8,0.0794
2796,40,8,0.0902
2797,40,8,0.0721
2798,40,8,0.0835
2799,40,8,0.0855
2800,40,8,0.0712
2801,40,8,0.0533
2802,40,8,0.0773
2803,40,8,0.0694
2804,40,8,0.0835
2805,40,9,0.1205
2806,40,9,0.1278
2807,40,9,0.145
2808,40,9,0.1282
2809,40,9,0.0901
2810,40,9,0.1327
2811,40,9,0.1492
2812,40,9,0.1244
2813,40,9,0.1392
2814,40,9,0.1427
2815,40,9,0.1267
2816,40,9,0.0964
2817,40,9,0.1324
2818,40,9,0.1213
2819,40,9,0.1399
2820,40,10,0.1923
2821,40,10,0.2027
2822,40,10,0.2226
2823,40,10,0.2056
2824,40,10,0.1491
2825,40,10,0.2085
2826,40,10,0.2251
2827,40,10,0.1947
2828,40,10,0.2137
2829,40,10,0.2261
2830,40,10,0.2001
2831,40,10,0.1573
2832,40,10,0.2062
2833,40,10,0.1959
2834,40,10,0.2189
2835,40,11,0.2833
2836,40,11,0.2992
2837,40,11,0.3094
2838,40,11,0.3038
2839,40,11,0.2292
2840,40,11,0.2983
2841,40,11,0.3222
2842,40,11,0.2801
2843,40,11,0.3039
2844,40,11,0.3182
2845,40,11,0.2915
2846,40,11,0.2462
2847,40,11,0.3004
2848,40,11,0.2833
2849,40,11,0.3137
2850,40,12,0.389
2851,40,12,0.4074
2852,40,12,0.4183
2853,40,12,0.4129
2854,40,12,0.3248
2855,40,12,0.4011
2856,40,12,0.4288
2857,40,12,0.387
2858,40,12,0.4092
2859,40,12,0.4258
2860,40,12,0.3941
2861,40,12,0.3485
2862,40,12,0.4076
2863,40,12,0.3856
2864,40,12,0.4263
2865,40,13,0.4995
2866,40,13,0.5207
2867,40,13,0.5302
2868,40,13,0.5207
2869,40,13,0.4309
2870,40,13,0.509
2871,40,13,0.5357
2872,40,13,0.4935
2873,40,13,0.5177
2874,40,13,0.5353
2875,40,13,0.5076
2876,40,13,0.4592
2877,40,13,0.5166
2878,40,13,0.5
2879,40,13,0.5366
2880,40,14,0.6087
2881,40,14,0.6279
2882,40,14,0.6383
2883,40,14,0.6307
2884,40,14,0.5361
2885,40,14,0.6185
2886,40,14,0.6462
2887,40,14,0.5997
2888,40,14,0.6266
2889,40,14,0.6434
2890,40,14,0.6136
2891,40,14,0.5737
2892,40,14,0.6253
2893,40,14,0.6098
2894,40,14,0.6465
2895,40,15,0.7098
2896,40,15,0.7267
2897,40,15,0.733
2898,40,15,0.727
2899,40,15,0.6452
2900,40,15,0.718
2901,40,15,0.7386
2902,40,15,0.6986
2903,40,15,0.7212
2904,40,15,0.7371
2905,40,15,0.714
2906,40,15,0.6769
2907,40,15,0.7231
2908,40,15,0.7109
2909,40,15,0.7403
2910,40,16,0.7937
2911,40,16,0.8104
2912,40,16,0.812
2913,40,16,0.8118
2914,40,16,0.7408
2915,40,16,0.8039
2916,40,16,0.8197
2917,40,16,0.7889
2918,40,16,0.8037
2919,40,16,0.8177
2920,40,16,0.7999
2921,40,16,0.7691
2922,40,16,0.8074
2923,40,16,0.7964
2924,40,16,0.8236
2925,40,17,0.8632
2926,40,17,0.8721
2927,40,17,0.8778
2928,40,17,0.877
2929,40,17,0.8255
2930,40,17,0.8701
2931,40,17,0.8803
2932,40,17,0.8592
2933,40,17,0.8709
2934,40,17,0.8828
2935,40,17,0.8663
2936,40,17,0.8456
2937,40,17,0.8736
2938,40,17,0.8653
2939,40,17,0.888
2940,40,18,0.9131
2941,40,18,0.9227
2942,40,18,0.9216
2943,40,18,0.9253
2944,40,18,0.8882
2945,40,18,0.9208
2946,40,18,0.9228
2947,40,18,0.9115
2948,40,18,0.9163
2949,40,18,0.9283
2950,40,18,0.9157
2951,40,18,0.9024
2952,40,18,0.9194
2953,40,18,0.9151
2954,40,18,0.9308
2955,40,19,0.9474
2956,40,19,0.9541
2957,40,19,0.9541
2958,40,19,0.9574
2959,40,19,0.9329
2960,40,19,0.9525
2961,40,19,0.9528
2962,40,19,0.9498
2963,40,19,0.9498
2964,40,19,0.9578
2965,40,19,0.9498
2966,40,19,0.9398
2967,40,19,0.9507
2968,40,19,0.9479
2969,40,19,0.9603
2970,40,20,0.9718
2971,40,20,0.9746
2972,40,20,0.9753
2973,40,20,0.9786
2974,40,20,0.9628
2975,40,20,0.9727
2976,40,20,0.9721
2977,40,20,0.9724
2978,40,20,0.9722
2979,40,20,0.9769
2980,40,20,0.9734
2981,40,20,0.9652
2982,40,20,0.9724
2983,40,20,0.9712
2984,40,20,0.9789
2985,40,21,0.9841
2986,40,21,0.9874
2987,40,21,0.9876
2988,40,21,0.9892
2989,40,21,0.9792
2990,40,21,0.9863
2991,40,21,0.9848
2992,40,21,0.9843
2993,40,21,0.9859
2994,40,21,0.9891
2995,40,21,0.9847
2996,40,21,0.9819
2997,40,21,0.9845
2998,40,21,0.9858
2999,40,21,0.9886
3000,40,22,0.9931
3001,40,22,0.9941
3002,40,22,0.994
3003,40,22,0.9949
3004,40,22,0.9892
3005,40,22,0.9934
3006,40,22,0.9925
3007,40,22,0.9922
3008,40,22,0.9927
3009,40,22,0.9943
3010,40,22,0.9921
3011,40,22,0.9912
3012,40,22,0.9929
3013,40,22,0.9937
3014,40,22,0.994
3015,40,23,0.9964
3016,40,23,0.9974
3017,40,23,0.9971
3018,40,23,0.9978
3019,40,23,0.9951
3020,40,23,0.9973
3021,40,23,0.997
3022,40,23,0.9962
3023,40,23,0.9964
3024,40,23,0.9975
3025,40,23,0.9968
3026,40,23,0.9951
3027,40,23,0.9965
3028,40,23,0.9976
3029,40,23,0.9975
3030,40,24,0.999
3031,40,24,0.9987
3032,40,24,0.9989
3033,40,24,0.999
3034,40,24,0.9978
3035,40,24,0.9985
3036,40,24,0.999
3037,40,24,0.9984
3038,40,24,0.9987
3039,40,24,0.9991
3040,40,24,0.9989
3041,40,24,0.9976
3042,40,24,0.9989
3043,40,24,0.9989
3044,40,24,0.9992
3045,40,2,0.0
3046,40,2,0.0002
3047,40,2,0.0005
3048,40,2,0.0002
3049,40,2,0.0001
3050,40,2,0.0003
3051,40,2,0.0001
3052,40,2,0.0003
3053,40,2,0.0001
3054,40,2,0.0
3055,40,2,0.0002
3056,40,2,0.0002
3057,40,2,0.0001
3058,40,2,0.0002
3059,40,2,0.0001
3060,40,3,0.0006
3061,40,3,0.0008
3062,40,3,0.0015
3063,40,3,0.001
3064,40,3,0.0008
3065,40,3,0.0009
3066,40,3,0.0006
3067,40,3,0.0011
3068,40,3,0.0008
3069,40,3,0.0002
3070,40,3,0.0008
3071,40,3,0.001
3072,40,3,0.0006
3073,40,3,0.0009
3074,40,3,0.0013
3075,40,4,0.0036
3076,40,4,0.0032
3077,40,4,0.0052
3078,40,4,0.0044
3079,40,4,0.0033
3080,40,4,0.0035
3081,40,4,0.003
3082,40,4,0.0033
3083,40,4,0.0036
3084,40,4,0.0032
3085,40,4,0.0044
3086,40,4,0.0036
3087,40,4,0.0021
3088,40,4,0.0047
3089,40,4,0.0037
3090,40,5,0.0081
3091,40,5,0.0095
3092,40,5,0.0124
3093,40,5,0.0111
3094,40,5,0.0112
3095,40,5,0.0078
3096,40,5,0.0082
3097,40,5,0.0112
3098,40,5,0.011
3099,40,5,0.0099
3100,40,5,0.0117
3101,40,5,0.0082
3102,40,5,0.0079
3103,40,5,0.0124
3104,40,5,0.011
3105,40,6,0.0215
3106,40,6,0.0221
3107,40,6,0.0282
3108,40,6,0.0273
3109,40,6,0.0272
3110,40,6,0.0194
3111,40,6,0.0185
3112,40,6,0.0266
3113,40,6,0.0267
3114,40,6,0.0228
3115,40,6,0.0263
3116,40,6,0.0228
3117,40,6,0.0189
3118,40,6,0.029
3119,40,6,0.0241
3120,40,7,0.046
3121,40,7,0.0475
3122,40,7,0.0601
3123,40,7,0.0526
3124,40,7,0.053
3125,40,7,0.0456
3126,40,7,0.0408
3127,40,7,0.0587
3128,40,7,0.0528
3129,40,7,0.0501
3130,40,7,0.0543
3131,40,7,0.0471
3132,40,7,0.0444
3133,40,7,0.0603
3134,40,7,0.0519
3135,40,8,0.0889
3136,40,8,0.0881
3137,40,8,0.107
3138,40,8,0.1006
3139,40,8,0.0979
3140,40,8,0.086
3141,40,8,0.0807
3142,40,8,0.1083
3143,40,8,0.1017
3144,40,8,0.0931
3145,40,8,0.096
3146,40,8,0.0898
3147,40,8,0.0816
3148,40,8,0.1062
3149,40,8,0.092
3150,40,9,0.1478
3151,40,9,0.1524
3152,40,9,0.1722
3153,40,9,0.169
3154,40,9,0.1613
3155,40,9,0.148
3156,40,9,0.1359
3157,40,9,0.1752
3158,40,9,0.1669
3159,40,9,0.1573
3160,40,9,0.1588
3161,40,9,0.1491
3162,40,9,0.1409
3163,40,9,0.1728
3164,40,9,0.1536
3165,40,10,0.2282
3166,40,10,0.2305
3167,40,10,0.2571
3168,40,10,0.2548
3169,40,10,0.245
3170,40,10,0.2228
3171,40,10,0.2129
3172,40,10,0.2625
3173,40,10,0.2486
3174,40,10,0.2368
3175,40,10,0.2399
3176,40,10,0.2281
3177,40,10,0.2166
3178,40,10,0.2556
3179,40,10,0.2388
3180,40,11,0.3308
3181,40,11,0.3272
3182,40,11,0.3641
3183,40,11,0.3603
3184,40,11,0.3431
3185,40,11,0.3192
3186,40,11,0.3095
3187,40,11,0.3707
3188,40,11,0.3527
3189,40,11,0.3355
3190,40,11,0.3331
3191,40,11,0.3272
3192,40,11,0.3129
3193,40,11,0.3549
3194,40,11,0.3371
3195,40,12,0.4418
3196,40,12,0.432
3197,40,12,0.4765
3198,40,12,0.4673
3199,40,12,0.4521
3200,40,12,0.4251
3201,40,12,0.4176
3202,40,12,0.4838
3203,40,12,0.4668
3204,40,12,0.442
3205,40,12,0.4338
3206,40,12,0.4325
3207,40,12,0.4145
3208,40,12,0.463
3209,40,12,0.448
3210,40,13,0.5564
3211,40,13,0.5392
3212,40,13,0.5883
3213,40,13,0.5813
3214,40,13,0.5626
3215,40,13,0.5363
3216,40,13,0.5329
3217,40,13,0.5917
3218,40,13,0.5794
3219,40,13,0.5491
3220,40,13,0.5461
3221,40,13,0.5443
3222,40,13,0.5286
3223,40,13,0.575
3224,40,13,0.5566
3225,40,14,0.664
3226,40,14,0.6458
3227,40,14,0.6896
3228,40,14,0.6815
3229,40,14,0.6683
3230,40,14,0.6475
3231,40,14,0.6415
3232,40,14,0.6961
3233,40,14,0.6791
3234,40,14,0.6545
3235,40,14,0.6493
3236,40,14,0.6529
3237,40,14,0.6381
3238,40,14,0.6797
3239,40,14,0.6632
3240,40,15,0.758
3241,40,15,0.7432
3242,40,15,0.7774
3243,40,15,0.7695
3244,40,15,0.7607
3245,40,15,0.7457
3246,40,15,0.7451
3247,40,15,0.7828
3248,40,15,0.7728
3249,40,15,0.747
3250,40,15,0.7435
3251,40,15,0.7466
3252,40,15,0.7427
3253,40,15,0.7723
3254,40,15,0.7598
3255,40,16,0.8391
3256,40,16,0.8155
3257,40,16,0.8542
3258,40,16,0.8423
3259,40,16,0.8355
3260,40,16,0.824
3261,40,16,0.8302
3262,40,16,0.853
3263,40,16,0.8498
3264,40,16,0.8305
3265,40,16,0.8231
3266,40,16,0.8289
3267,40,16,0.8232
3268,40,16,0.8451
3269,40,16,0.835
3270,40,17,0.9001
3271,40,17,0.8782
3272,40,17,0.9067
3273,40,17,0.9019
3274,40,17,0.8926
3275,40,17,0.8834
3276,40,17,0.8895
3277,40,17,0.9071
3278,40,17,0.9061
3279,40,17,0.8911
3280,40,17,0.8857
3281,40,17,0.8922
3282,40,17,0.8864
3283,40,17,0.9001
3284,40,17,0.8958
3285,40,18,0.9413
3286,40,18,0.9242
3287,40,18,0.9507
3288,40,18,0.9411
3289,40,18,0.9329
3290,40,18,0.9281
3291,40,18,0.9336
3292,40,18,0.9459
3293,40,18,0.9439
3294,40,18,0.9332
3295,40,18,0.9315
3296,40,18,0.9336
3297,40,18,0.9311
3298,40,18,0.9376
3299,40,18,0.9392
3300,40,19,0.9669
3301,40,19,0.9555
3302,40,19,0.9714
3303,40,19,0.9667
3304,40,19,0.9603
3305,40,19,0.9571
3306,40,19,0.9627
3307,40,19,0.9692
3308,40,19,0.9694
3309,40,19,0.96
3310,40,19,0.9612
3311,40,19,0.9664
3312,40,19,0.9597
3313,40,19,0.9655
3314,40,19,0.9656
3315,40,20,0.9832
3316,40,20,0.9733
3317,40,20,0.9838
3318,40,20,0.9806
3319,40,20,0.979
3320,40,20,0.9766
3321,40,20,0.9804
3322,40,20,0.9857
3323,40,20,0.9821
3324,40,20,0.9773
3325,40,20,0.9781
3326,40,20,0.9819
3327,40,20,0.98
3328,40,20,0.9819
3329,40,20,0.9839
3330,40,21,0.9916
3331,40,21,0.9851
3332,40,21,0.9915
3333,40,21,0.9906
3334,40,21,0.9891
3335,40,21,0.9877
3336,40,21,0.9893
3337,40,21,0.9935
3338,40,21,0.9923
3339,40,21,0.9881
3340,40,21,0.9893
3341,40,21,0.9911
3342,40,21,0.9894
3343,40,21,0.992
3344,40,21,0.992
3345,40,22,0.9956
3346,40,22,0.9925
3347,40,22,0.997
3348,40,22,0.9956
3349,40,22,0.9944
3350,40,22,0.9934
3351,40,22,0.9957
3352,40,22,0.997
3353,40,22,0.997
3354,40,22,0.9942
3355,40,22,0.9937
3356,40,22,0.9958
3357,40,22,0.9947
3358,40,22,0.9963
3359,40,22,0.9964
3360,40,23,0.9983
3361,40,23,0.996
3362,40,23,0.999
3363,40,23,0.9977
3364,40,23,0.9976
3365,40,23,0.9971
3366,40,23,0.9984
3367,40,23,0.9986
3368,40,23,0.9985
3369,40,23,0.9971
3370,40,23,0.9973
3371,40,23,0.9983
3372,40,23,0.9976
3373,40,23,0.9984
3374,40,23,0.9984
3375,40,24,0.9997
3376,40,24,0.998
3377,40,24,0.9996
3378,40,24,0.9989
3379,40,24,0.9989
3380,40,24,0.9985
3381,40,24,0.9992
3382,40,24,0.9996
3383,40,24,0.9997
3384,40,24,0.9985
3385,40,24,0.9986
3386,40,24,0.9993
3387,40,24,0.9988
3388,40,24,0.9993
3389,40,24,0.9994
3390,40,2,0.0004
3391,40,2,0.0001
3392,40,2,0.0001
3393,40,2,0.0
3394,40,2,0.0
3395,40,2,0.0001
3396,40,2,0.0
3397,40,2,0.0001
3398,40,2,0.0001
3399,40,2,0.0001
3400,40,2,0.0
3401,40,2,0.0001
3402,40,2,0.0001
3403,40,2,0.0002
3404,40,2,0.0
3405,40,3,0.0007
3406,40,3,0.0004
3407,40,3,0.0002
3408,40,3,0.0005
3409,40,3,0.0006
3410,40,3,0.0007
3411,40,3,0.0007
3412,40,3,0.0005
3413,40,3,0.0012
3414,40,3,0.0005
3415,40,3,0.0002
3416,40,3,0.0009
3417,40,3,0.0004
3418,40,3,0.0007
3419,40,3,0.0003
3420,40,4,0.0023
3421,40,4,0.0013
3422,40,4,0.001
3423,40,4,0.0028
3424,40,4,0.0017
3425,40,4,0.0014
3426,40,4,0.0015
3427,40,4,0.0019
3428,40,4,0.0029
3429,40,4,0.0023
3430,40,4,0.0015
3431,40,4,0.0031
3432,40,4,0.0012
3433,40,4,0.002
3434,40,4,0.0022
3435,40,5,0.0073
3436,40,5,0.0048
3437,40,5,0.0038
3438,40,5,0.0075
3439,40,5,0.0063
3440,40,5,0.004
3441,40,5,0.0057
3442,40,5,0.0045
3443,40,5,0.0102
3444,40,5,0.0074
3445,40,5,0.0058
3446,40,5,0.007
3447,40,5,0.0048
3448,40,5,0.008
3449,40,5,0.0061
3450,40,6,0.0182
3451,40,6,0.014
3452,40,6,0.0097
3453,40,6,0.0194
3454,40,6,0.014
3455,40,6,0.0117
3456,40,6,0.0139
3457,40,6,0.0122
3458,40,6,0.0212
3459,40,6,0.0187
3460,40,6,0.0158
3461,40,6,0.0166
3462,40,6,0.0122
3463,40,6,0.0184
3464,40,6,0.0142
3465,40,7,0.0357
3466,40,7,0.0304
3467,40,7,0.0229
3468,40,7,0.0427
3469,40,7,0.029
3470,40,7,0.0272
3471,40,7,0.0311
3472,40,7,0.0275
3473,40,7,0.0449
3474,40,7,0.0377
3475,40,7,0.0329
3476,40,7,0.0382
3477,40,7,0.0307
3478,40,7,0.0358
3479,40,7,0.0308
3480,40,8,0.0718
3481,40,8,0.0591
3482,40,8,0.0466
3483,40,8,0.081
3484,40,8,0.0584
3485,40,8,0.0575
3486,40,8,0.0571
3487,40,8,0.0586
3488,40,8,0.0824
3489,40,8,0.0722
3490,40,8,0.0616
3491,40,8,0.0713
3492,40,8,0.0571
3493,40,8,0.0694
3494,40,8,0.0622
3495,40,9,0.1235
3496,40,9,0.1041
3497,40,9,0.09
3498,40,9,0.1412
3499,40,9,0.1077
3500,40,9,0.1026
3501,40,9,0.1028
3502,40,9,0.1031
3503,40,9,0.1341
3504,40,9,0.124
3505,40,9,0.1094
3506,40,9,0.1202
3507,40,9,0.1037
3508,40,9,0.1223
3509,40,9,0.1052
3510,40,10,0.1942
3511,40,10,0.1711
3512,40,10,0.1549
3513,40,10,0.2175
3514,40,10,0.1726
3515,40,10,0.1654
3516,40,10,0.1643
3517,40,10,0.1684
3518,40,10,0.2098
3519,40,10,0.1944
3520,40,10,0.1744
3521,40,10,0.189
3522,40,10,0.1676
3523,40,10,0.1991
3524,40,10,0.1675
3525,40,11,0.2854
3526,40,11,0.2565
3527,40,11,0.2364
3528,40,11,0.3226
3529,40,11,0.2585
3530,40,11,0.2503
3531,40,11,0.2453
3532,40,11,0.2511
3533,40,11,0.3015
3534,40,11,0.2906
3535,40,11,0.2587
3536,40,11,0.282
3537,40,11,0.2523
3538,40,11,0.29
3539,40,11,0.2484
3540,40,12,0.3906
3541,40,12,0.3575
3542,40,12,0.3323
3543,40,12,0.434
3544,40,12,0.3634
3545,40,12,0.352
3546,40,12,0.3469
3547,40,12,0.3486
3548,40,12,0.4037
3549,40,12,0.3944
3550,40,12,0.3597
3551,40,12,0.3886
3552,40,12,0.3546
3553,40,12,0.3917
3554,40,12,0.3504
3555,40,13,0.5047
3556,40,13,0.4692
3557,40,13,0.4428
3558,40,13,0.5475
3559,40,13,0.4747
3560,40,13,0.4624
3561,40,13,0.4547
3562,40,13,0.4576
3563,40,13,0.5076
3564,40,13,0.5064
3565,40,13,0.4743
3566,40,13,0.4985
3567,40,13,0.4606
3568,40,13,0.5044
3569,40,13,0.4577
3570,40,14,0.6153
3571,40,14,0.586
3572,40,14,0.5539
3573,40,14,0.6496
3574,40,14,0.5845
3575,40,14,0.5673
3576,40,14,0.5666
3577,40,14,0.5693
3578,40,14,0.6127
3579,40,14,0.6196
3580,40,14,0.5873
3581,40,14,0.6075
3582,40,14,0.5719
3583,40,14,0.6137
3584,40,14,0.5702
3585,40,15,0.7158
3586,40,15,0.6885
3587,40,15,0.6632
3588,40,15,0.7461
3589,40,15,0.6913
3590,40,15,0.6749
3591,40,15,0.6741
3592,40,15,0.6787
3593,40,15,0.7188
3594,40,15,0.7173
3595,40,15,0.6885
3596,40,15,0.7106
3597,40,15,0.6824
3598,40,15,0.7146
3599,40,15,0.6693
3600,40,16,0.807
3601,40,16,0.771
3602,40,16,0.7567
3603,40,16,0.8284
3604,40,16,0.7808
3605,40,16,0.7707
3606,40,16,0.7668
3607,40,16,0.7743
3608,40,16,0.8003
3609,40,16,0.8056
3610,40,16,0.7792
3611,40,16,0.8005
3612,40,16,0.7751
3613,40,16,0.8004
3614,40,16,0.7572
3615,40,17,0.8742
3616,40,17,0.8486
3617,40,17,0.8375
3618,40,17,0.8871
3619,40,17,0.8519
3620,40,17,0.8437
3621,40,17,0.8403
3622,40,17,0.8515
3623,40,17,0.8666
3624,40,17,0.8721
3625,40,17,0.8522
3626,40,17,0.8678
3627,40,17,0.849
3628,40,17,0.8733
3629,40,17,0.8366
3630,40,18,0.9211
3631,40,18,0.9011
3632,40,18,0.8981
3633,40,18,0.9309
3634,40,18,0.9061
3635,40,18,0.9012
3636,40,18,0.8982
3637,40,18,0.9051
3638,40,18,0.9159
3639,40,18,0.9232
3640,40,18,0.9058
3641,40,18,0.9194
3642,40,18,0.9046
3643,40,18,0.9238
3644,40,18,0.8946
3645,40,19,0.9539
3646,40,19,0.9398
3647,40,19,0.941
3648,40,19,0.9611
3649,40,19,0.9435
3650,40,19,0.9404
3651,40,19,0.9399
3652,40,19,0.9431
3653,40,19,0.9485
3654,40,19,0.9551
3655,40,19,0.9456
3656,40,19,0.9491
3657,40,19,0.945
3658,40,19,0.9558
3659,40,19,0.9418
3660,40,20,0.9745
3661,40,20,0.9641
3662,40,20,0.9655
3663,40,20,0.979
3664,40,20,0.9681
3665,40,20,0.9678
3666,40,20,0.9657
3667,40,20,0.9674
3668,40,20,0.9705
3669,40,20,0.9757
3670,40,20,0.97
3671,40,20,0.973
3672,40,20,0.9708
3673,40,20,0.9751
3674,40,20,0.9671
3675,40,21,0.9878
3676,40,21,0.9811
3677,40,21,0.981
3678,40,21,0.9904
3679,40,21,0.983
3680,40,21,0.9835
3681,40,21,0.9819
3682,40,21,0.9819
3683,40,21,0.9852
3684,40,21,0.9874
3685,40,21,0.9844
3686,40,21,0.9868
3687,40,21,0.985
3688,40,21,0.9868
3689,40,21,0.9825
3690,40,22,0.9941
3691,40,22,0.9901
3692,40,22,0.9904
3693,40,22,0.9959
3694,40,22,0.9933
3695,40,22,0.9922
3696,40,22,0.9918
3697,40,22,0.9918
3698,40,22,0.9922
3699,40,22,0.9943
3700,40,22,0.9929
3701,40,22,0.9935
3702,40,22,0.9931
3703,40,22,0.9942
3704,40,22,0.9926
3705,40,23,0.9969
3706,40,23,0.9967
3707,40,23,0.996
3708,40,23,0.9987
3709,40,23,0.9971
3710,40,23,0.9964
3711,40,23,0.9967
3712,40,23,0.9961
3713,40,23,0.9957
3714,40,23,0.9974
3715,40,23,0.9972
3716,40,23,0.997
3717,40,23,0.9972
3718,40,23,0.9976
3719,40,23,0.9965
3720,40,24,0.9987
3721,40,24,0.9985
3722,40,24,0.999
3723,40,24,0.9994
3724,40,24,0.9986
3725,40,24,0.9981
3726,40,24,0.9986
3727,40,24,0.9981
3728,40,24,0.9976
3729,40,24,0.9982
3730,40,24,0.9986
3731,40,24,0.999
3732,40,24,0.9986
3733,40,24,0.9992
3734,40,24,0.998
3735,60,3,0.0
3736,60,3,0.0
3737,60,3,0.0
3738,60,3,0.0
3739,60,3,0.0
3740,60,3,0.0
3741,60,3,0.0
3742,60,3,0.0
3743,60,3,0.0001
3744,60,3,0.0
3745,60,3,0.0
3746,60,3,0.0
3747,60,3,0.0001
3748,60,3,0.0
3749,60,3,0.0
3750,60,4,0.0
3751,60,4,0.0
3752,60,4,0.0
3753,60,4,0.0001
3754,60,4,0.0
3755,60,4,0.0001
3756,60,4,0.0
3757,60,4,0.0001
3758,60,4,0.0001
3759,60,4,0.0
3760,60,4,0.0002
3761,60,4,0.0001
3762,60,4,0.0001
3763,60,4,0.0
3764,60,4,0.0
3765,60,5,0.0001
3766,60,5,0.0001
3767,60,5,0.0002
3768,60,5,0.0002
3769,60,5,0.0
3770,60,5,0.0003
3771,60,5,0.0002
3772,60,5,0.0003
3773,60,5,0.0002
3774,60,5,0.0
3775,60,5,0.0004
3776,60,5,0.0003
3777,60,5,0.0001
3778,60,5,0.0
3779,60,5,0.0
3780,60,6,0.0002
3781,60,6,0.0008
3782,60,6,0.0005
3783,60,6,0.0006
3784,60,6,0.0002
3785,60,6,0.0005
3786,60,6,0.0002
3787,60,6,0.0005
3788,60,6,0.0003
3789,60,6,0.0003
3790,60,6,0.0008
3791,60,6,0.0006
3792,60,6,0.0004
3793,60,6,0.0004
3794,60,6,0.0005
3795,60,7,0.0014
3796,60,7,0.0013
3797,60,7,0.0009
3798,60,7,0.001
3799,60,7,0.0006
3800,60,7,0.0012
3801,60,7,0.0009
3802,60,7,0.0014
3803,60,7,0.0008
3804,60,7,0.0007
3805,60,7,0.0014
3806,60,7,0.0009
3807,60,7,0.0014
3808,60,7,0.0013
3809,60,7,0.0014
3810,60,8,0.0029
3811,60,8,0.003
3812,60,8,0.0024
3813,60,8,0.0021
3814,60,8,0.0022
3815,60,8,0.0024
3816,60,8,0.0033
3817,60,8,0.0034
3818,60,8,0.0035
3819,60,8,0.0022
3820,60,8,0.0028
3821,60,8,0.0028
3822,60,8,0.0037
3823,60,8,0.0028
3824,60,8,0.0038
3825,60,9,0.0084
3826,60,9,0.0068
3827,60,9,0.0048
3828,60,9,0.0055
3829,60,9,0.0047
3830,60,9,0.0066
3831,60,9,0.0072
3832,60,9,0.0072
3833,60,9,0.0071
3834,60,9,0.0064
3835,60,9,0.0072
3836,60,9,0.0074
3837,60,9,0.0076
3838,60,9,0.0057
3839,60,9,0.0077
3840,60,10,0.0163
3841,60,10,0.0131
3842,60,10,0.0117
3843,60,10,0.0107
3844,60,10,0.0094
3845,60,10,0.0137
3846,60,10,0.0146
3847,60,10,0.0147
3848,60,10,0.0145
3849,60,10,0.0118
3850,60,10,0.0138
3851,60,10,0.0153
3852,60,10,0.0175
3853,60,10,0.0108
3854,60,10,0.0164
3855,60,11,0.0319
3856,60,11,0.025
3857,60,11,0.0214
3858,60,11,0.0223
3859,60,11,0.0202
3860,60,11,0.0262
3861,60,11,0.0303
3862,60,11,0.0245
3863,60,11,0.0265
3864,60,11,0.025
3865,60,11,0.0271
3866,60,11,0.0296
3867,60,11,0.0309
3868,60,11,0.0227
3869,60,11,0.0322
3870,60,12,0.0559
3871,60,12,0.0438
3872,60,12,0.0373
3873,60,12,0.0386
3874,60,12,0.0354
3875,60,12,0.0472
3876,60,12,0.0531
3877,60,12,0.0433
3878,60,12,0.0455
3879,60,12,0.0484
3880,60,12,0.0519
3881,60,12,0.0499
3882,60,12,0.0526
3883,60,12,0.041
3884,60,12,0.0558
3885,60,13,0.0891
3886,60,13,0.0693
3887,60,13,0.0606
3888,60,13,0.0691
3889,60,13,0.0591
3890,60,13,0.0785
3891,60,13,0.0885
3892,60,13,0.0743
3893,60,13,0.077
3894,60,13,0.0816
3895,60,13,0.0813
3896,60,13,0.0834
3897,60,13,0.0885
3898,60,13,0.0693
3899,60,13,0.0894
3900,60,14,0.1369
3901,60,14,0.1094
3902,60,14,0.096
3903,60,14,0.1106
3904,60,14,0.0981
3905,60,14,0.1229
3906,60,14,0.1346
3907,60,14,0.1126
3908,60,14,0.1184
3909,60,14,0.1203
3910,60,14,0.128
3911,60,14,0.1327
3912,60,14,0.1349
3913,60,14,0.1087
3914,60,14,0.1391
3915,60,15,0.199
3916,60,15,0.1658
3917,60,15,0.1451
3918,60,15,0.1623
3919,60,15,0.1513
3920,60,15,0.1794
3921,60,15,0.1973
3922,60,15,0.1713
3923,60,15,0.17
3924,60,15,0.174
3925,60,15,0.1825
3926,60,15,0.1913
3927,60,15,0.1918
3928,60,15,0.163
3929,60,15,0.2004
3930,60,16,0.2734
3931,60,16,0.231
3932,60,16,0.2028
3933,60,16,0.2276
3934,60,16,0.2102
3935,60,16,0.2438
3936,60,16,0.273
3937,60,16,0.2374
3938,60,16,0.2372
3939,60,16,0.2444
3940,60,16,0.2486
3941,60,16,0.2616
3942,60,16,0.2667
3943,60,16,0.2269
3944,60,16,0.2706
3945,60,17,0.3582
3946,60,17,0.3073
3947,60,17,0.2771
3948,60,17,0.3041
3949,60,17,0.2871
3950,60,17,0.3241
3951,60,17,0.3564
3952,60,17,0.3178
3953,60,17,0.3195
3954,60,17,0.3274
3955,60,17,0.3262
3956,60,17,0.3467
3957,60,17,0.3484
3958,60,17,0.3058
3959,60,17,0.3509
3960,60,18,0.449
3961,60,18,0.3932
3962,60,18,0.3577
3963,60,18,0.3887
3964,60,18,0.3763
3965,60,18,0.4077
3966,60,18,0.4516
3967,60,18,0.4128
3968,60,18,0.41
3969,60,18,0.4133
3970,60,18,0.4081
3971,60,18,0.4377
3972,60,18,0.4346
3973,60,18,0.394
3974,60,18,0.4407
3975,60,19,0.5409
3976,60,19,0.4879
3977,60,19,0.4454
3978,60,19,0.4767
3979,60,19,0.465
3980,60,19,0.4977
3981,60,19,0.5421
3982,60,19,0.5034
3983,60,19,0.4977
3984,60,19,0.5026
3985,60,19,0.4934
3986,60,19,0.5278
3987,60,19,0.5298
3988,60,19,0.4847
3989,60,19,0.5315
3990,60,20,0.6302
3991,60,20,0.578
3992,60,20,0.5329
3993,60,20,0.5664
3994,60,20,0.5603
3995,60,20,0.585
3996,60,20,0.6321
3997,60,20,0.5899
3998,60,20,0.5843
3999,60,20,0.5897
4000,60,20,0.5859
4001,60,20,0.6173
4002,60,20,0.6195
4003,60,20,0.5783
4004,60,20,0.6198
4005,60,21,0.7128
4006,60,21,0.6691
4007,60,21,0.6216
4008,60,21,0.6544
4009,60,21,0.651
4010,60,21,0.6727
4011,60,21,0.7143
4012,60,21,0.671
4013,60,21,0.6741
4014,60,21,0.6745
4015,60,21,0.6676
4016,60,21,0.7009
4017,60,21,0.7095
4018,60,21,0.6637
4019,60,21,0.7021
4020,60,22,0.7874
4021,60,22,0.7474
4022,60,22,0.7063
4023,60,22,0.7382
4024,60,22,0.7345
4025,60,22,0.7512
4026,60,22,0.7822
4027,60,22,0.7482
4028,60,22,0.7542
4029,60,22,0.7546
4030,60,22,0.7432
4031,60,22,0.7761
4032,60,22,0.7816
4033,60,22,0.7457
4034,60,22,0.7759
4035,60,23,0.8448
4036,60,23,0.8146
4037,60,23,0.7793
4038,60,23,0.8072
4039,60,23,0.8017
4040,60,23,0.8156
4041,60,23,0.847
4042,60,23,0.8115
4043,60,23,0.8204
4044,60,23,0.8228
4045,60,23,0.81
4046,60,23,0.8365
4047,60,23,0.8408
4048,60,23,0.8121
4049,60,23,0.8356
4050,60,24,0.8917
4051,60,24,0.87
4052,60,24,0.8426
4053,60,24,0.865
4054,60,24,0.861
4055,60,24,0.8681
4056,60,24,0.8955
4057,60,24,0.8653
4058,60,24,0.8718
4059,60,24,0.8762
4060,60,24,0.8605
4061,60,24,0.8814
4062,60,24,0.8892
4063,60,24,0.8647
4064,60,24,0.885
4065,60,25,0.9237
4066,60,25,0.9096
4067,60,25,0.8872
4068,60,25,0.9075
4069,60,25,0.9035
4070,60,25,0.9104
4071,60,25,0.9315
4072,60,25,0.9063
4073,60,25,0.9138
4074,60,25,0.9141
4075,60,25,0.9029
4076,60,25,0.9204
4077,60,25,0.9251
4078,60,25,0.9048
4079,60,25,0.9207
4080,60,26,0.9521
4081,60,26,0.9386
4082,60,26,0.9217
4083,60,26,0.9387
4084,60,26,0.9371
4085,60,26,0.9412
4086,60,26,0.9585
4087,60,26,0.9368
4088,60,26,0.9438
4089,60,26,0.9439
4090,60,26,0.9355
4091,60,26,0.9496
4092,60,26,0.9504
4093,60,26,0.9358
4094,60,26,0.9486
4095,60,27,0.9702
4096,60,27,0.9632
4097,60,27,0.9505
4098,60,27,0.9633
4099,60,27,0.9619
4100,60,27,0.9607
4101,60,27,0.974
4102,60,27,0.9608
4103,60,27,0.9619
4104,60,27,0.9631
4105,60,27,0.9586
4106,60,27,0.9681
4107,60,27,0.9703
4108,60,27,0.9596
4109,60,27,0.9667
4110,60,28,0.9829
4111,60,28,0.9773
4112,60,28,0.9679
4113,60,28,0.9769
4114,60,28,0.9775
4115,60,28,0.9774
4116,60,28,0.985
4117,60,28,0.9766
4118,60,28,0.9761
4119,60,28,0.9773
4120,60,28,0.9753
4121,60,28,0.9804
4122,60,28,0.9825
4123,60,28,0.9752
4124,60,28,0.9813
4125,60,29,0.9889
4126,60,29,0.9861
4127,60,29,0.9799
4128,60,29,0.9868
4129,60,29,0.9866
4130,60,29,0.9869
4131,60,29,0.9905
4132,60,29,0.9862
4133,60,29,0.986
4134,60,29,0.9876
4135,60,29,0.9854
4136,60,29,0.9897
4137,60,29,0.9898
4138,60,29,0.985
4139,60,29,0.9894
4140,60,2,0.0
4141,60,2,0.0
4142,60,2,0.0
4143,60,2,0.0
4144,60,2,0.0
4145,60,2,0.0
4146,60,2,0.0
4147,60,2,0.0001
4148,60,2,0.0
4149,60,2,0.0
4150,60,2,0.0
4151,60,2,0.0
4152,60,2,0.0
4153,60,2,0.0
4154,60,2,0.0
4155,60,3,0.0
4156,60,3,0.0
4157,60,3,0.0
4158,60,3,0.0
4159,60,3,0.0001
4160,60,3,0.0
4161,60,3,0.0
4162,60,3,0.0001
4163,60,3,0.0
4164,60,3,0.0
4165,60,3,0.0
4166,60,3,0.0
4167,60,3,0.0
4168,60,3,0.0
4169,60,3,0.0
4170,60,4,0.0
4171,60,4,0.0002
4172,60,4,0.0
4173,60,4,0.0002
4174,60,4,0.0001
4175,60,4,0.0001
4176,60,4,0.0
4177,60,4,0.0001
4178,60,4,0.0
4179,60,4,0.0
4180,60,4,0.0001
4181,60,4,0.0001
4182,60,4,0.0
4183,60,4,0.0001
4184,60,4,0.0001
4185,60,5,0.0001
4186,60,5,0.0004
4187,60,5,0.0002
4188,60,5,0.0003
4189,60,5,0.0002
4190,60,5,0.0002
4191,60,5,0.0001
4192,60,5,0.0003
4193,60,5,0.0001
4194,60,5,0.0002
4195,60,5,0.0003
4196,60,5,0.0001
4197,60,5,0.0003
4198,60,5,0.0002
4199,60,5,0.0003
4200,60,6,0.0003
4201,60,6,0.0008
4202,60,6,0.0005
4203,60,6,0.0007
4204,60,6,0.0003
4205,60,6,0.0005
4206,60,6,0.0007
4207,60,6,0.0005
4208,60,6,0.0005
4209,60,6,0.0006
4210,60,6,0.0009
4211,60,6,0.0007
4212,60,6,0.0005
4213,60,6,0.0008
4214,60,6,0.0003
4215,60,7,0.0008
4216,60,7,0.0021
4217,60,7,0.0011
4218,60,7,0.002
4219,60,7,0.0004
4220,60,7,0.0011
4221,60,7,0.0014
4222,60,7,0.0015
4223,60,7,0.0016
4224,60,7,0.0017
4225,60,7,0.0019
4226,60,7,0.0027
4227,60,7,0.0013
4228,60,7,0.0018
4229,60,7,0.0021
4230,60,8,0.0028
4231,60,8,0.0039
4232,60,8,0.0035
4233,60,8,0.004
4234,60,8,0.0018
4235,60,8,0.0044
4236,60,8,0.0042
4237,60,8,0.0033
4238,60,8,0.0046
4239,60,8,0.0045
4240,60,8,0.006
4241,60,8,0.0063
4242,60,8,0.004
4243,60,8,0.0044
4244,60,8,0.0048
4245,60,9,0.0062
4246,60,9,0.0102
4247,60,9,0.0071
4248,60,9,0.0083
4249,60,9,0.0044
4250,60,9,0.0092
4251,60,9,0.0084
4252,60,9,0.0072
4253,60,9,0.0083
4254,60,9,0.0098
4255,60,9,0.0129
4256,60,9,0.0121
4257,60,9,0.0086
4258,60,9,0.0088
4259,60,9,0.0103
4260,60,10,0.0132
4261,60,10,0.0224
4262,60,10,0.0154
4263,60,10,0.017
4264,60,10,0.0096
4265,60,10,0.0166
4266,60,10,0.0159
4267,60,10,0.0163
4268,60,10,0.0162
4269,60,10,0.0162
4270,60,10,0.0242
4271,60,10,0.0238
4272,60,10,0.0177
4273,60,10,0.0176
4274,60,10,0.0195
4275,60,11,0.0289
4276,60,11,0.0381
4277,60,11,0.029
4278,60,11,0.0306
4279,60,11,0.0208
4280,60,11,0.0321
4281,60,11,0.0275
4282,60,11,0.0285
4283,60,11,0.0321
4284,60,11,0.0289
4285,60,11,0.0412
4286,60,11,0.042
4287,60,11,0.036
4288,60,11,0.0332
4289,60,11,0.0386
4290,60,12,0.0515
4291,60,12,0.0658
4292,60,12,0.0497
4293,60,12,0.0513
4294,60,12,0.0387
4295,60,12,0.0507
4296,60,12,0.0462
4297,60,12,0.0489
4298,60,12,0.054
4299,60,12,0.0527
4300,60,12,0.0665
4301,60,12,0.0725
4302,60,12,0.0597
4303,60,12,0.0545
4304,60,12,0.0662
4305,60,13,0.0836
4306,60,13,0.1041
4307,60,13,0.0795
4308,60,13,0.0827
4309,60,13,0.0673
4310,60,13,0.0822
4311,60,13,0.0775
4312,60,13,0.0792
4313,60,13,0.0867
4314,60,13,0.0833
4315,60,13,0.1059
4316,60,13,0.1129
4317,60,13,0.0945
4318,60,13,0.0851
4319,60,13,0.1068
4320,60,14,0.1258
4321,60,14,0.1564
4322,60,14,0.1212
4323,60,14,0.1267
4324,60,14,0.1071
4325,60,14,0.1245
4326,60,14,0.1157
4327,60,14,0.1196
4328,60,14,0.1334
4329,60,14,0.1283
4330,60,14,0.1609
4331,60,14,0.1665
4332,60,14,0.1421
4333,60,14,0.1352
4334,60,14,0.1536
4335,60,15,0.1866
4336,60,15,0.2254
4337,60,15,0.1753
4338,60,15,0.1856
4339,60,15,0.1601
4340,60,15,0.177
4341,60,15,0.1723
4342,60,15,0.1764
4343,60,15,0.1933
4344,60,15,0.1813
4345,60,15,0.222
4346,60,15,0.2306
4347,60,15,0.2024
4348,60,15,0.1937
4349,60,15,0.2161
4350,60,16,0.2527
4351,60,16,0.3005
4352,60,16,0.2435
4353,60,16,0.2547
4354,60,16,0.2236
4355,60,16,0.2448
4356,60,16,0.2402
4357,60,16,0.2457
4358,60,16,0.2654
4359,60,16,0.2536
4360,60,16,0.299
4361,60,16,0.3093
4362,60,16,0.2746
4363,60,16,0.2664
4364,60,16,0.2911
4365,60,17,0.3292
4366,60,17,0.3861
4367,60,17,0.327
4368,60,17,0.3238
4369,60,17,0.3003
4370,60,17,0.3207
4371,60,17,0.3219
4372,60,17,0.3242
4373,60,17,0.3462
4374,60,17,0.3338
4375,60,17,0.3891
4376,60,17,0.3926
4377,60,17,0.3602
4378,60,17,0.3492
4379,60,17,0.3759
4380,60,18,0.4206
4381,60,18,0.4796
4382,60,18,0.4141
4383,60,18,0.4085
4384,60,18,0.3898
4385,60,18,0.4059
4386,60,18,0.4057
4387,60,18,0.4128
4388,60,18,0.4402
4389,60,18,0.4219
4390,60,18,0.4767
4391,60,18,0.4871
4392,60,18,0.4453
4393,60,18,0.4364
4394,60,18,0.4669
4395,60,19,0.5109
4396,60,19,0.5687
4397,60,19,0.5016
4398,60,19,0.4982
4399,60,19,0.4827
4400,60,19,0.4935
4401,60,19,0.4969
4402,60,19,0.5005
4403,60,19,0.53
4404,60,19,0.5124
4405,60,19,0.5664
4406,60,19,0.5749
4407,60,19,0.5363
4408,60,19,0.5298
4409,60,19,0.5603
4410,60,20,0.602
4411,60,20,0.6579
4412,60,20,0.5839
4413,60,20,0.5858
4414,60,20,0.5676
4415,60,20,0.5826
4416,60,20,0.5834
4417,60,20,0.5916
4418,60,20,0.6172
4419,60,20,0.5999
4420,60,20,0.6517
4421,60,20,0.6587
4422,60,20,0.6232
4423,60,20,0.6182
4424,60,20,0.6487
4425,60,21,0.6862
4426,60,21,0.7364
4427,60,21,0.6643
4428,60,21,0.6676
4429,60,21,0.6496
4430,60,21,0.668
4431,60,21,0.6684
4432,60,21,0.6703
4433,60,21,0.7006
4434,60,21,0.6883
4435,60,21,0.735
4436,60,21,0.7378
4437,60,21,0.7066
4438,60,21,0.7017
4439,60,21,0.7245
4440,60,22,0.7555
4441,60,22,0.8058
4442,60,22,0.7408
4443,60,22,0.743
4444,60,22,0.7264
4445,60,22,0.7426
4446,60,22,0.7431
4447,60,22,0.747
4448,60,22,0.7754
4449,60,22,0.7574
4450,60,22,0.7995
4451,60,22,0.8011
4452,60,22,0.7791
4453,60,22,0.7739
4454,60,22,0.7948
4455,60,23,0.8208
4456,60,23,0.8609
4457,60,23,0.8081
4458,60,23,0.8101
4459,60,23,0.7935
4460,60,23,0.8123
4461,60,23,0.8117
4462,60,23,0.813
4463,60,23,0.8367
4464,60,23,0.8245
4465,60,23,0.8543
4466,60,23,0.8555
4467,60,23,0.841
4468,60,23,0.8347
4469,60,23,0.8501
4470,60,24,0.8749
4471,60,24,0.9059
4472,60,24,0.8599
4473,60,24,0.8624
4474,60,24,0.8489
4475,60,24,0.8639
4476,60,24,0.8687
4477,60,24,0.862
4478,60,24,0.882
4479,60,24,0.8763
4480,60,24,0.8979
4481,60,24,0.8998
4482,60,24,0.8889
4483,60,24,0.8834
4484,60,24,0.8934
4485,60,25,0.915
4486,60,25,0.9393
4487,60,25,0.903
4488,60,25,0.9052
4489,60,25,0.8954
4490,60,25,0.9052
4491,60,25,0.9101
4492,60,25,0.9062
4493,60,25,0.9231
4494,60,25,0.9156
4495,60,25,0.9323
4496,60,25,0.9333
4497,60,25,0.9242
4498,60,25,0.9186
4499,60,25,0.9283
4500,60,26,0.9438
4501,60,26,0.9622
4502,60,26,0.9379
4503,60,26,0.9368
4504,60,26,0.9295
4505,60,26,0.9371
4506,60,26,0.9397
4507,60,26,0.9383
4508,60,26,0.9478
4509,60,26,0.9454
4510,60,26,0.9587
4511,60,26,0.958
4512,60,26,0.95
4513,60,26,0.946
4514,60,26,0.9553
4515,60,27,0.9655
4516,60,27,0.9769
4517,60,27,0.9631
4518,60,27,0.9595
4519,60,27,0.9552
4520,60,27,0.9595
4521,60,27,0.9622
4522,60,27,0.9592
4523,60,27,0.9671
4524,60,27,0.9666
4525,60,27,0.975
4526,60,27,0.975
4527,60,27,0.9679
4528,60,27,0.9663
4529,60,27,0.9723
4530,60,28,0.9789
4531,60,28,0.9867
4532,60,28,0.9771
4533,60,28,0.9772
4534,60,28,0.9731
4535,60,28,0.9749
4536,60,28,0.9781
4537,60,28,0.9741
4538,60,28,0.9817
4539,60,28,0.9808
4540,60,28,0.9841
4541,60,28,0.986
4542,60,28,0.9798
4543,60,28,0.9789
4544,60,28,0.9832
4545,60,29,0.9883
4546,60,29,0.9913
4547,60,29,0.9874
4548,60,29,0.9868
4549,60,29,0.9857
4550,60,29,0.9857
4551,60,29,0.9871
4552,60,29,0.9858
4553,60,29,0.9896
4554,60,29,0.989
4555,60,29,0.9904
4556,60,29,0.9916
4557,60,29,0.9895
4558,60,29,0.9884
4559,60,29,0.9893
4560,60,2,0.0
4561,60,2,0.0
4562,60,2,0.0
4563,60,2,0.0
4564,60,2,0.0
4565,60,2,0.0
4566,60,2,0.0
4567,60,2,0.0
4568,60,2,0.0
4569,60,2,0.0
4570,60,2,0.0
4571,60,2,0.0
4572,60,2,0.0
4573,60,2,0.0
4574,60,2,0.0
4575,60,3,0.0002
4576,60,3,0.0
4577,60,3,0.0
4578,60,3,0.0
4579,60,3,0.0
4580,60,3,0.0
4581,60,3,0.0
4582,60,3,0.0
4583,60,3,0.0001
4584,60,3,0.0001
4585,60,3,0.0
4586,60,3,0.0001
4587,60,3,0.0001
4588,60,3,0.0
4589,60,3,0.0
4590,60,4,0.0003
4591,60,4,0.0002
4592,60,4,0.0
4593,60,4,0.0001
4594,60,4,0.0
4595,60,4,0.0
4596,60,4,0.0
4597,60,4,0.0
4598,60,4,0.0001
4599,60,4,0.0001
4600,60,4,0.0003
4601,60,4,0.0001
4602,60,4,0.0002
4603,60,4,0.0001
4604,60,4,0.0
4605,60,5,0.0005
4606,60,5,0.0002
4607,60,5,0.0002
4608,60,5,0.0004
4609,60,5,0.0001
4610,60,5,0.0001
4611,60,5,0.0001
4612,60,5,0.0001
4613,60,5,0.0001
4614,60,5,0.0004
4615,60,5,0.0005
4616,60,5,0.0005
4617,60,5,0.0005
4618,60,5,0.0002
4619,60,5,0.0001
4620,60,6,0.0007
4621,60,6,0.0007
4622,60,6,0.0003
4623,60,6,0.0013
4624,60,6,0.0006
4625,60,6,0.0006
4626,60,6,0.0007
4627,60,6,0.0003
4628,60,6,0.0005
4629,60,6,0.0007
4630,60,6,0.0012
4631,60,6,0.0011
4632,60,6,0.001
4633,60,6,0.0008
4634,60,6,0.0006
4635,60,7,0.002
4636,60,7,0.0017
4637,60,7,0.0024
4638,60,7,0.0024
4639,60,7,0.0017
4640,60,7,0.0022
4641,60,7,0.002
4642,60,7,0.0021
4643,60,7,0.0016
4644,60,7,0.0015
4645,60,7,0.002
4646,60,7,0.0026
4647,60,7,0.0016
4648,60,7,0.0021
4649,60,7,0.0012
4650,60,8,0.0042
4651,60,8,0.0044
4652,60,8,0.0047
4653,60,8,0.0056
4654,60,8,0.0043
4655,60,8,0.0041
4656,60,8,0.0035
4657,60,8,0.0052
4658,60,8,0.0032
4659,60,8,0.0043
4660,60,8,0.0054
4661,60,8,0.0052
4662,60,8,0.0038
4663,60,8,0.0048
4664,60,8,0.002
4665,60,9,0.0095
4666,60,9,0.0088
4667,60,9,0.0099
4668,60,9,0.0103
4669,60,9,0.0075
4670,60,9,0.0107
4671,60,9,0.0079
4672,60,9,0.0108
4673,60,9,0.0079
4674,60,9,0.0085
4675,60,9,0.0106
4676,60,9,0.0118
4677,60,9,0.0092
4678,60,9,0.0107
4679,60,9,0.0051
4680,60,10,0.0192
4681,60,10,0.0168
4682,60,10,0.0189
4683,60,10,0.0199
4684,60,10,0.0159
4685,60,10,0.0207
4686,60,10,0.0164
4687,60,10,0.0232
4688,60,10,0.0183
4689,60,10,0.0164
4690,60,10,0.0202
4691,60,10,0.0203
4692,60,10,0.0186
4693,60,10,0.0216
4694,60,10,0.0126
4695,60,11,0.034
4696,60,11,0.0325
4697,60,11,0.0358
4698,60,11,0.0354
4699,60,11,0.0286
4700,60,11,0.0356
4701,60,11,0.0312
4702,60,11,0.0382
4703,60,11,0.0348
4704,60,11,0.032
4705,60,11,0.0351
4706,60,11,0.0361
4707,60,11,0.0341
4708,60,11,0.0362
4709,60,11,0.0251
4710,60,12,0.0604
4711,60,12,0.0552
4712,60,12,0.0612
4713,60,12,0.0575
4714,60,12,0.0513
4715,60,12,0.0573
4716,60,12,0.058
4717,60,12,0.0639
4718,60,12,0.0565
4719,60,12,0.0511
4720,60,12,0.0601
4721,60,12,0.0608
4722,60,12,0.0577
4723,60,12,0.0636
4724,60,12,0.0446
4725,60,13,0.0974
4726,60,13,0.0884
4727,60,13,0.0974
4728,60,13,0.0893
4729,60,13,0.0825
4730,60,13,0.0937
4731,60,13,0.0899
4732,60,13,0.1022
4733,60,13,0.0905
4734,60,13,0.082
4735,60,13,0.0924
4736,60,13,0.0937
4737,60,13,0.0884
4738,60,13,0.1049
4739,60,13,0.0729
4740,60,14,0.1466
4741,60,14,0.1312
4742,60,14,0.1449
4743,60,14,0.1378
4744,60,14,0.129
4745,60,14,0.1413
4746,60,14,0.1364
4747,60,14,0.1511
4748,60,14,0.1382
4749,60,14,0.1257
4750,60,14,0.1378
4751,60,14,0.1378
4752,60,14,0.1367
4753,60,14,0.1539
4754,60,14,0.114
4755,60,15,0.2043
4756,60,15,0.1933
4757,60,15,0.2075
4758,60,15,0.1966
4759,60,15,0.1861
4760,60,15,0.1994
4761,60,15,0.1966
4762,60,15,0.2143
4763,60,15,0.2027
4764,60,15,0.1832
4765,60,15,0.1957
4766,60,15,0.2021
4767,60,15,0.1933
4768,60,15,0.2186
4769,60,15,0.1662
4770,60,16,0.2705
4771,60,16,0.2617
4772,60,16,0.2846
4773,60,16,0.2724
4774,60,16,0.2538
4775,60,16,0.2664
4776,60,16,0.2663
4777,60,16,0.2913
4778,60,16,0.2709
4779,60,16,0.2534
4780,60,16,0.2688
4781,60,16,0.273
4782,60,16,0.2688
4783,60,16,0.2938
4784,60,16,0.2326
4785,60,17,0.3543
4786,60,17,0.3461
4787,60,17,0.3695
4788,60,17,0.3536
4789,60,17,0.3413
4790,60,17,0.3496
4791,60,17,0.3473
4792,60,17,0.3747
4793,60,17,0.3548
4794,60,17,0.335
4795,60,17,0.3508
4796,60,17,0.3548
4797,60,17,0.3522
4798,60,17,0.3751
4799,60,17,0.3073
4800,60,18,0.4413
4801,60,18,0.4296
4802,60,18,0.4642
4803,60,18,0.4445
4804,60,18,0.4304
4805,60,18,0.4344
4806,60,18,0.4354
4807,60,18,0.4638
4808,60,18,0.4425
4809,60,18,0.4251
4810,60,18,0.4335
4811,60,18,0.4457
4812,60,18,0.4465
4813,60,18,0.4629
4814,60,18,0.3927
4815,60,19,0.5285
4816,60,19,0.5163
4817,60,19,0.5532
4818,60,19,0.5396
4819,60,19,0.5203
4820,60,19,0.5269
4821,60,19,0.5275
4822,60,19,0.5546
4823,60,19,0.5301
4824,60,19,0.5175
4825,60,19,0.5323
4826,60,19,0.5363
4827,60,19,0.5415
4828,60,19,0.555
4829,60,19,0.4805
4830,60,20,0.6246
4831,60,20,0.6026
4832,60,20,0.6398
4833,60,20,0.6285
4834,60,20,0.6045
4835,60,20,0.6117
4836,60,20,0.6141
4837,60,20,0.6402
4838,60,20,0.6196
4839,60,20,0.5997
4840,60,20,0.6217
4841,60,20,0.6282
4842,60,20,0.6262
4843,60,20,0.6415
4844,60,20,0.5739
4845,60,21,0.7054
4846,60,21,0.6859
4847,60,21,0.7187
4848,60,21,0.71
4849,60,21,0.6852
4850,60,21,0.6958
4851,60,21,0.6982
4852,60,21,0.7227
4853,60,21,0.7003
4854,60,21,0.6814
4855,60,21,0.7046
4856,60,21,0.712
4857,60,21,0.7092
4858,60,21,0.719
4859,60,21,0.6619
4860,60,22,0.7798
4861,60,22,0.761
4862,60,22,0.79
4863,60,22,0.7824
4864,60,22,0.7583
4865,60,22,0.7703
4866,60,22,0.7754
4867,60,22,0.7934
4868,60,22,0.7738
4869,60,22,0.756
4870,60,22,0.776
4871,60,22,0.7807
4872,60,22,0.7778
4873,60,22,0.7895
4874,60,22,0.7348
4875,60,23,0.8395
4876,60,23,0.8239
4877,60,23,0.8477
4878,60,23,0.8447
4879,60,23,0.8215
4880,60,23,0.8341
4881,60,23,0.8339
4882,60,23,0.8513
4883,60,23,0.8319
4884,60,23,0.8226
4885,60,23,0.8335
4886,60,23,0.8379
4887,60,23,0.8385
4888,60,23,0.8452
4889,60,23,0.8064
4890,60,24,0.888
4891,60,24,0.8746
4892,60,24,0.895
4893,60,24,0.8892
4894,60,24,0.8773
4895,60,24,0.8833
4896,60,24,0.8845
4897,60,24,0.8945
4898,60,24,0.8809
4899,60,24,0.8762
4900,60,24,0.8845
4901,60,24,0.8876
4902,60,24,0.8859
4903,60,24,0.8897
4904,60,24,0.8619
4905,60,25,0.9242
4906,60,25,0.9129
4907,60,25,0.9305
4908,60,25,0.9238
4909,60,25,0.9146
4910,60,25,0.9206
4911,60,25,0.9184
4912,60,25,0.9321
4913,60,25,0.9186
4914,60,25,0.9149
4915,60,25,0.9251
4916,60,25,0.924
4917,60,25,0.9218
4918,60,25,0.9235
4919,60,25,0.9053
4920,60,26,0.9514
4921,60,26,0.9437
4922,60,26,0.9566
4923,60,26,0.9492
4924,60,26,0.9453
4925,60,26,0.9472
4926,60,26,0.9472
4927,60,26,0.9545
4928,60,26,0.9448
4929,60,26,0.9454
4930,60,26,0.9519
4931,60,26,0.9485
4932,60,26,0.9513
4933,60,26,0.9493
4934,60,26,0.9354
4935,60,27,0.9711
4936,60,27,0.9643
4937,60,27,0.9733
4938,60,27,0.9662
4939,60,27,0.9651
4940,60,27,0.9647
4941,60,27,0.9675
4942,60,27,0.9699
4943,60,27,0.9667
4944,60,27,0.9659
4945,60,27,0.969
4946,60,27,0.9666
4947,60,27,0.9684
4948,60,27,0.9677
4949,60,27,0.9601
4950,60,28,0.9831
4951,60,28,0.9785
4952,60,28,0.985
4953,60,28,0.9801
4954,60,28,0.9782
4955,60,28,0.9775
4956,60,28,0.9809
4957,60,28,0.9807
4958,60,28,0.9814
4959,60,28,0.979
4960,60,28,0.9809
4961,60,28,0.9811
4962,60,28,0.9816
4963,60,28,0.9823
4964,60,28,0.9749
4965,60,29,0.9903
4966,60,29,0.9882
4967,60,29,0.9917
4968,60,29,0.9887
4969,60,29,0.9863
4970,60,29,0.9876
4971,60,29,0.9899
4972,60,29,0.9897
4973,60,29,0.9897
4974,60,29,0.9904
4975,60,29,0.9893
4976,60,29,0.9899
4977,60,29,0.9898
4978,60,29,0.9908
4979,60,29,0.9852
